time,x,v,theta1,omega1,theta2,omega2,theta3,omega3,force,push
0.000000000000000000e+00,0.000000000000000000e+00,0.000000000000000000e+00,1.745329251994329547e-02,0.000000000000000000e+00,-1.745329251994329547e-02,0.000000000000000000e+00,1.745329251994329547e-02,0.000000000000000000e+00,8.000000000000000000e+00,0.000000000000000000e+00
1.250000000000000026e-03,7.740679672142886214e-06,1.238485744832395347e-02,1.740998697096144548e-02,-6.928908216326704061e-02,-1.745897072010340126e-02,-9.083579968245079211e-03,1.745671803282138057e-02,5.480908645286837466e-03,8.000000000000000000e+00,0.000000000000000000e+00
2.500000000000000052e-03,3.096163584780973159e-05,2.476849622128410311e-02,1.728006485952257240e-02,-1.385900557436094416e-01,-1.747599368892901670e-02,-1.814848617606153180e-02,1.746699523440975801e-02,1.096287977154238036e-02,8.000000000000000000e+00,0.000000000000000000e+00
3.749999999999999861e-03,6.966154688414785364e-05,3.715123894600037835e-02,1.706349799060144154e-02,-2.079242472097365679e-01,-1.750432629854331915e-02,-2.717586373450723430e-02,1.748412611772352451e-02,1.644697513055768182e-02,8.000000000000000000e+00,0.000000000000000000e+00
5.000000000000000104e-03,1.238394939988930526e-04,4.953340751862108510e-02,1.676023152309840877e-02,-2.773129624062979914e-01,-1.754390986196332006e-02,-3.614687399886606922e-02,1.750811399320118672e-02,2.193423936657439705e-02,8.000000000000000000e+00,0.000000000000000000e+00
6.250000000000000347e-03,1.934949601545941792e-04,6.191532278031135900e-02,1.637018400093524090e-02,-3.467774780083544006e-01,-1.759466215734695888e-02,-4.504270092642485845e-02,1.753896346176556792e-02,2.742569112940158177e-02,8.000000000000000000e+00,0.000000000000000000e+00
7.499999999999999722e-03,2.786278285347507230e-04,7.429730418800942204e-02,1.589324739500588488e-02,-4.163390326814980780e-01,-1.765647746040549526e-02,-5.384455780506464811e-02,1.757668037677819622e-02,3.292231419086598387e-02,8.000000000000000000e+00,0.000000000000000000e+00
8.750000000000000833e-03,3.792383806041350175e-04,8.667966947804704725e-02,1.532928715641592582e-02,-4.860188178421832039e-01,-1.772922658552701300e-02,-6.253369448454414170e-02,1.762127179489142437e-02,3.842504856479657394e-02,8.000000000000000000e+00,0.000000000000000000e+00
1.000000000000000021e-02,4.953272937431823890e-04,9.906273432071749374e-02,1.467814228157697000e-02,-5.558379679115931227e-01,-1.781275693632271284e-02,-7.109140524413806728e-02,1.767274591580308279e-02,4.393478163126805780e-02,8.000000000000000000e+00,0.000000000000000000e+00
1.124999999999999958e-02,6.268956384439278596e-04,1.114468119638577920e-01,1.393962538985651402e-02,-6.258175499548231935e-01,-1.790689256647612360e-02,-7.949903743254155275e-02,1.773111201091977229e-02,4.945233926649551803e-02,8.000000000000000000e+00,0.000000000000000000e+00
1.250000000000000069e-02,7.739448750525382845e-04,1.238322128634928160e-01,1.311352281462022963e-02,-6.959785525953110508e-01,-1.801143425194690756e-02,-8.773800101863811485e-02,1.779638034093717139e-02,5.497847698058418858e-02,8.000000000000000000e+00,0.000000000000000000e+00
1.375000000000000007e-02,9.364768500410369052e-04,1.362192442995666664e-01,1.219959470864249301e-02,-7.663418740923322314e-01,-1.812615957575602205e-02,-9.578977919482967174e-02,1.786856206234903321e-02,6.051387106630354978e-02,8.000000000000000000e+00,0.000000000000000000e+00
1.499999999999999944e-02,1.114493791788331552e-03,1.486082099747635943e-01,1.119757516500264997e-02,-8.369283094670197931e-01,-1.825082302675831367e-02,-1.036359401781067752e-01,1.794766912290119906e-02,6.605910976317783123e-02,8.000000000000000000e+00,0.000000000000000000e+00
1.625000000000000056e-02,1.307998305848148343e-03,1.609994095943956816e-01,1.010717235472928695e-02,-9.077585365598052070e-01,-1.838515611399245062e-02,-1.112581503578573966e-01,1.803371414601314879e-02,7.161468444247466592e-02,8.000000000000000000e+00,0.000000000000000000e+00
1.750000000000000167e-02,1.516993369678926260e-03,1.733931384253098451e-01,8.928068682602818829e-03,-9.788531008994550975e-01,-1.852886749838682928e-02,-1.186381889435214471e-01,1.812671030419742146e-02,7.718098082013438721e-02,8.000000000000000000e+00,0.000000000000000000e+00
1.874999999999999931e-02,1.741482326808155116e-03,1.857896868317429062e-01,7.659920962678268448e-03,-1.050232399261046501e+00,-1.868164314379422430e-02,-1.257579642695442479e-01,1.822667118151709634e-02,8.275827020632842146e-02,8.000000000000000000e+00,0.000000000000000000e+00
2.000000000000000042e-02,1.981468880401036047e-03,1.981893397860310935e-01,6.302360615245226200e-03,-1.121916661787339731e+00,-1.884314648952757978e-02,-1.325995319195882594e-01,1.833361062513349377e-02,8.834670080216779076e-02,8.000000000000000000e+00,0.000000000000000000e+00
2.125000000000000153e-02,2.236957086200712722e-03,2.105923763520616554e-01,4.854993887100700345e-03,-1.193925932545149005e+00,-1.901301864677457099e-02,-1.391451148365585866e-01,1.844754258601065747e-02,9.394628905611779324e-02,8.000000000000000000e+00,0.000000000000000000e+00
2.249999999999999917e-02,2.507951344804673979e-03,2.229990691393409774e-01,3.317402097172799866e-03,-1.266280048385550305e+00,-1.919087862147977191e-02,-1.453771255895822401e-01,1.856848094886024564e-02,9.955691109491547619e-02,8.000000000000000000e+00,0.000000000000000000e+00
2.375000000000000028e-02,2.794456393239267387e-03,2.354096837255454933e-01,1.689141909698783873e-03,-1.338998615974203554e+00,-1.937632356649984441e-02,-1.512781909735526065e-01,1.869643935143050148e-02,1.051782942462451409e-01,8.000000000000000000e+00,0.000000000000000000e+00
2.500000000000000139e-02,3.096477295791591564e-03,2.478244780454236240e-01,-3.025436267038912087e-05,-1.412100986855804985e+00,-1.956892906605949348e-02,-1.568311791210788009e-01,1.883143099326613223e-02,1.108100086731089451e-01,8.000000000000000000e+00,0.000000000000000000e+00
2.624999999999999903e-02,3.414019434055378787e-03,2.602437017439286904e-01,-1.841278423295712730e-03,-1.485606230414855844e+00,-1.976824945576308862e-02,-1.620192293105222614e-01,1.897346843409271344e-02,1.164514591427420198e-01,8.000000000000000000e+00,0.000000000000000000e+00
2.750000000000000014e-02,3.747088496144847410e-03,2.726675954914878908e-01,-3.744445620789541192e-03,-1.559533104593657127e+00,-1.997381818164861364e-02,-1.668257846571011560e-01,1.912256338200970032e-02,1.221018769560708872e-01,8.000000000000000000e+00,0.000000000000000000e+00
2.875000000000000125e-02,4.095690465027902391e-03,2.850963902593537380e-01,-5.740294540178032465e-03,-1.633900024227900483e+00,-2.018514820200604729e-02,-1.712346278765988772e-01,1.927872647171070819e-02,1.277603120671005066e-01,8.000000000000000000e+00,0.000000000000000000e+00
2.999999999999999889e-02,4.459831605927533013e-03,2.975303065530444102e-01,-7.829386552921481848e-03,-1.708725026860574259e+00,-2.040173243592025704e-02,-1.752299203128286909e-01,1.944196703298873771e-02,1.334256254252429719e-01,8.000000000000000000e+00,0.000000000000000000e+00
3.125000000000000000e-02,4.839518452737818707e-03,3.099695536019616005e-01,-1.001230532255407632e-02,-1.784025735896352494e+00,-2.062304426273787322e-02,-1.787962444204331813e-01,1.961229284982764220e-02,1.390964815774640984e-01,8.000000000000000000e+00,0.000000000000000000e+00
3.250000000000000111e-02,5.234757793398618110e-03,3.224143285033828077e-01,-1.228965626253389863e-02,-1.859819320961397349e+00,-2.084853807689662428e-02,-1.819186498935763119e-01,1.978970991042979313e-02,1.447713415712172935e-01,8.000000000000000000e+00,0.000000000000000000e+00
3.375000000000000222e-02,5.645556654170864538e-03,3.348648153191631782e-01,-1.466206594272766867e-02,-1.936122455337825565e+00,-2.107764990279222678e-02,-1.845827036283194666e-01,1.997422214858373540e-02,1.504484562034443251e-01,8.000000000000000000e+00,0.000000000000000000e+00
3.500000000000000333e-02,6.071922282752384437e-03,3.473211841236543695e-01,-1.713018144079496430e-02,-2.012951270348235511e+00,-2.130979807458992931e-02,-1.867745437016347654e-01,2.016583117683510076e-02,1.561258596654348241e-01,8.000000000000000000e+00,0.000000000000000000e+00
3.624999999999999750e-02,6.513862130172453149e-03,3.597835900015577959e-01,-1.969466963458575345e-02,-2.090321306573935445e+00,-2.154438398611218178e-02,-1.884809375427420330e-01,2.036453601198911015e-02,1.618013636380198628e-01,8.000000000000000000e+00,0.000000000000000000e+00
3.749999999999999861e-02,6.971383831401822655e-03,3.722521719946857433e-01,-2.235621643152610472e-02,-2.168247461801194209e+00,-2.178079291614758856e-02,-1.896893444623712899e-01,2.057033279354417848e-02,1.674725518964048088e-01,8.000000000000000000e+00,0.000000000000000000e+00
3.874999999999999972e-02,7.444495184613874293e-03,3.847270519969046565e-01,-2.511552593084284343e-02,-2.246743935603262354e+00,-2.201839493472526263e-02,-1.903879826922296736e-01,2.078321449573325777e-02,1.731367754888739063e-01,8.000000000000000000e+00,0.000000000000000000e+00
4.000000000000000083e-02,7.933204129031848698e-03,3.972083335968931705e-01,-2.797331951437270758e-02,-2.325824170482442277e+00,-2.225654589607886646e-02,-1.905659010699389255e-01,2.100317063393304651e-02,1.787911485585734761e-01,8.000000000000000000e+00,0.000000000000000000e+00
4.125000000000000194e-02,8.437518721296916047e-03,4.096961008687625139e-01,-3.093033486161889806e-02,-2.405500789516501925e+00,-2.249458852418093763e-02,-1.902130554835362863e-01,2.123018696629069488e-02,1.844325448825387959e-01,8.000000000000000000e+00,0.000000000000000000e+00
4.250000000000000305e-02,8.957447110292173290e-03,4.221904171110673620e-01,-3.398732488466292556e-02,-2.485785530477595096e+00,-2.273185359685505474e-02,-1.893203901637941500e-01,2.146424519151350976e-02,1.900575952069913921e-01,8.000000000000000000e+00,0.000000000000000000e+00
4.374999999999999722e-02,9.492997510358687149e-03,4.346913235352852789e-01,-3.714505657851681353e-02,-2.566689176419961083e+00,-2.296766123456491990e-02,-1.878799238816032113e-01,2.170532264386878726e-02,1.956626854626062895e-01,8.000000000000000000e+00,0.000000000000000000e+00
4.499999999999999833e-02,1.004417817284140521e-02,4.471988379054682161e-01,-4.040430978251620397e-02,-2.648221482765425794e+00,-2.320132230002866502e-02,-1.858848410709577348e-01,2.195339198654839077e-02,2.012439559478269857e-01,8.000000000000000000e+00,0.000000000000000000e+00
4.624999999999999944e-02,1.061099735590532306e-02,4.597129531314733120e-01,-4.376587584841403616e-02,-2.730391100953472705e+00,-2.343213991480618680e-02,-1.833295878551635394e-01,2.220842090466523464e-02,2.067973015722602004e-01,8.000000000000000000e+00,0.000000000000000000e+00
4.750000000000000056e-02,1.119346329256580390e-02,4.722336358189687111e-01,-4.723055621094448403e-02,-2.813205498765757095e+00,-2.365941109894910757e-02,-1.802099729042594134e-01,2.247037179926611450e-02,2.123183732555748160e-01,8.000000000000000000e+00,0.000000000000000000e+00
4.875000000000000167e-02,1.179158415688145480e-02,4.847608247802845383e-01,-5.079916085679393734e-02,-2.896670877483716211e+00,-2.388242853967814314e-02,-1.765232729948324475e-01,2.273920148386634338e-02,2.178025805799943815e-01,8.000000000000000000e+00,0.000000000000000000e+00
5.000000000000000278e-02,1.240536802826366913e-02,4.972944295111414448e-01,-5.447250668814773017e-02,-2.980792086092630466e+00,-2.410048249485223504e-02,-1.722683430790078185e-01,2.301486088513542486e-02,2.232450957962355265e-01,8.000000000000000000e+00,0.000000000000000000e+00
5.124999999999999695e-02,1.303482285386385955e-02,5.098343286393424156e-01,-5.825141577728539660e-02,-3.065572532806309702e+00,-2.431286283670790541e-02,-1.674457305970598331e-01,2.329729474948844664e-02,2.286408592834050790e-01,8.000000000000000000e+00,0.000000000000000000e+00
5.249999999999999806e-02,1.367995640900773573e-02,5.223803683526521136e-01,-6.213671350908116231e-02,-3.151014094253607123e+00,-2.451886124096590291e-02,-1.620577936875953751e-01,2.358644135746313861e-02,2.339845865627166732e-01,8.000000000000000000e+00,0.000000000000000000e+00
5.374999999999999917e-02,1.434077625565575477e-02,5.349323608143130571e-01,-6.612922660873804537e-02,-3.237117022741150318e+00,-2.471777352591499402e-02,-1.561088228604962380e-01,2.388223224788628071e-02,2.392707769626933600e-01,8.000000000000000000e+00,0.000000000000000000e+00
5.500000000000000028e-02,1.501728969888025192e-02,5.474900825759494438e-01,-7.022978105265070825e-02,-3.323879852085874997e+00,-2.490890214547954173e-02,-1.496051656008431652e-01,2.418459195395285949e-02,2.444937240295493308e-01,8.000000000000000000e+00,0.000000000000000000e+00
5.625000000000000139e-02,1.570950374136278332e-02,5.600532729989801117e-01,-7.443919986096178554e-02,-3.411299302595756977e+00,-2.509155883954799701e-02,-1.425553532671440526e-01,2.449343775345500310e-02,2.496475277704432727e-01,8.000000000000000000e+00,0.000000000000000000e+00
5.750000000000000250e-02,1.641742503593002223e-02,5.726216326970900994e-01,-7.875830077115493488e-02,-3.499370185867022087e+00,-2.526506744397408882e-02,-1.349702295348696734e-01,2.480867943550240859e-02,2.547261088090235215e-01,8.000000000000000000e+00,0.000000000000000000e+00
5.874999999999999667e-02,1.714105983616310766e-02,5.851948220137761503e-01,-8.318789379292179653e-02,-3.588085310160260999e+00,-2.542876686165261926e-02,-1.268630795173467107e-01,2.513021908616880004e-02,2.597232245218955571e-01,8.000000000000000000e+00,0.000000000000000000e+00
5.999999999999999778e-02,1.788041394513387519e-02,5.977724595504665395e-01,-8.772877864555349292e-02,-3.677435387215191476e+00,-2.558201419490949494e-02,-1.182497585715916316e-01,2.545795089557653657e-02,2.646324872111105453e-01,8.000000000000000000e+00,0.000000000000000000e+00
6.124999999999999889e-02,1.863549266234157398e-02,6.103541207621958620e-01,-9.238174208024402256e-02,-3.767408941462948135e+00,-2.572418803812510577e-02,-1.091488196681621170e-01,2.579176098899043507e-02,2.694473843512915634e-01,8.000000000000000000e+00,0.000000000000000000e+00
6.250000000000000000e-02,1.940630072894595701e-02,6.229393366392534936e-01,-9.714755509095339414e-02,-3.857992222694021311e+00,-2.585469192802749422e-02,-9.958163807342891582e-02,2.613152728452819776e-02,2.741613009304175730e-01,8.000000000000000000e+00,0.000000000000000000e+00
6.375000000000000111e-02,2.019284227141638494e-02,6.355275924945968935e-01,-1.020269700188623507e-01,-3.949169123337286980e+00,-2.597295794744550190e-02,-8.957253196212308644e-02,2.647711938010465296e-02,2.787675438804477213e-01,8.000000000000000000e+00,0.000000000000000000e+00
6.500000000000000222e-02,2.099510449347892840e-02,6.476584548252672935e-01,-1.070206200171874289e-01,-4.038163536992124492e+00,-2.607845077397885972e-02,-7.915442832413115137e-02,2.682839957352426211e-02,2.832910381234652331e-01,6.350501537680919739e+00,0.000000000000000000e+00
6.625000000000000333e-02,2.180994794430959546e-02,6.553053664807886314e-01,-1.121103958074092105e-01,-4.100881718090762185e+00,-2.617067918235061949e-02,-6.832955167855049583e-02,2.718544693210871166e-02,2.880272580538800198e-01,3.308017643225007021e+00,0.000000000000000000e+00
6.750000000000000444e-02,2.263147792519526816e-02,6.584146001167526796e-01,-1.172618162288171784e-01,-4.137169675329674945e+00,-2.624903097750170416e-02,-5.692020623802634960e-02,2.754858032115214267e-02,2.930336048528165982e-01,4.857722253277145796e-01,0.000000000000000000e+00
6.875000000000000555e-02,2.345423255893950773e-02,6.573176758619696525e-01,-1.224432110483901770e-01,-4.149185771010858836e+00,-2.631265679610429384e-02,-4.473633751682540294e-02,2.791815544809835362e-02,2.983386186539362384e-01,-2.134855569877487369e+00,0.000000000000000000e+00
7.000000000000000666e-02,2.427314625830013714e-02,6.523171661398685650e-01,-1.276254962528081127e-01,-4.138909471602758572e+00,-2.636047017257909381e-02,-3.158903578354475827e-02,2.829456233314829594e-02,3.039685928952619021e-01,-4.572345704969837499e+00,0.000000000000000000e+00
7.124999999999999389e-02,2.508351373332330658e-02,6.436870670336881650e-01,-1.327819505194726413e-01,-4.108141913931310896e+00,-2.639115044004914160e-02,-1.729286276858483379e-02,2.867822229026994324e-02,3.099472668519996366e-01,-6.844793071018791863e+00,0.000000000000000000e+00
7.249999999999999500e-02,2.588095469697801118e-02,6.319237321278021735e-01,-1.378879939392469167e-01,-4.059983635449759376e+00,-2.640314842779677845e-02,-1.692597668303576219e-03,2.906958462376062202e-02,3.162734153958981498e-01,-8.000000000000000000e+00,0.000000000000000000e+00
7.374999999999999611e-02,2.666328288453471626e-02,6.198047477939795380e-01,-1.429321695298061412e-01,-4.010915728218482634e+00,-2.639490594303879611e-02,1.506948868013183521e-02,2.946894798382349370e-02,3.227227509280163331e-01,-8.000000000000000000e+00,0.000000000000000000e+00
7.499999999999999722e-02,2.743047499078856560e-02,6.077059813176231007e-01,-1.479158279871920501e-01,-3.963155161965198570e+00,-2.636500212716368780e-02,3.296576007827746457e-02,2.987642748741273224e-02,3.292584394705552198e-01,-8.000000000000000000e+00,0.000000000000000000e+00
7.624999999999999833e-02,2.818255620647192733e-02,5.956272991146749352e-01,-1.528405993638692340e-01,-3.916695223627809419e+00,-2.631201856550752227e-02,5.199717642527482142e-02,3.029212801700531879e-02,3.358755563201795691e-01,-8.000000000000000000e+00,0.000000000000000000e+00
7.749999999999999944e-02,2.891955154421043186e-02,5.835685500155136651e-01,-1.577081049031685556e-01,-3.871528542280169294e+00,-2.623453612618539127e-02,7.216393929309171396e-02,3.071614818358475371e-02,3.425689912700836115e-01,-8.000000000000000000e+00,0.000000000000000000e+00
7.875000000000000056e-02,2.964148581733584698e-02,5.715295665213844245e-01,-1.625199562556023936e-01,-3.827647150013136823e+00,-2.613113585731581881e-02,9.346557182836294497e-02,3.114858009293271918e-02,3.493334457817927063e-01,-8.000000000000000000e+00,0.000000000000000000e+00
8.000000000000000167e-02,3.034838362021281821e-02,5.595101659707288899e-01,-1.672777547677503918e-01,-3.785042537196447565e+00,-2.600039978879913061e-02,1.159009916002635421e-01,3.158950910875473611e-02,3.561634307485846418e-01,-8.000000000000000000e+00,0.000000000000000000e+00
8.125000000000000278e-02,3.104026930996891045e-02,5.475101516186353656e-01,-1.719830908368077393e-01,-3.743705702309486405e+00,-2.584091164732804646e-02,1.394685766201106958e-01,3.203901361338243325e-02,3.630532648555007680e-01,-8.000000000000000000e+00,0.000000000000000000e+00
8.250000000000000389e-02,3.171716698952144892e-02,5.355293136329040138e-01,-1.766375433241316184e-01,-3.703627196541708688e+00,-2.565125749301656530e-02,1.641662247736266900e-01,3.249716476680165195e-02,3.699970735417047463e-01,-8.000000000000000000e+00,0.000000000000000000e+00
8.375000000000000500e-02,3.237910049179924116e-02,5.235674300104239398e-01,-1.812426790213779448e-01,-3.664797163372371713e+00,-2.543002628572504226e-02,1.899914069173737619e-01,3.296402626476342690e-02,3.769887885720136778e-01,-8.000000000000000000e+00,0.000000000000000000e+00
8.500000000000000611e-02,3.302609336506198007e-02,5.116242674177076122e-01,-1.858000521630868984e-01,-3.627205373344986494e+00,-2.517581038884035213e-02,2.169412138975469750e-01,3.343965409674429234e-02,3.840221482257130670e-01,-8.000000000000000000e+00,0.000000000000000000e+00
8.624999999999999334e-02,3.365816885922495033e-02,4.996995819595262955e-01,-1.903112039798469657e-01,-3.590841254255038084e+00,-2.488720601794491491e-02,2.450123977527682018e-01,3.392409630453328828e-02,3.910906981122087567e-01,-8.000000000000000000e+00,0.000000000000000000e+00
8.749999999999999445e-02,3.427534991310166035e-02,4.877931198796462420e-01,-1.947776622864412777e-01,-3.555693916970565027e+00,-2.456281364148046528e-02,2.742014073633781135e-01,3.441739274223601375e-02,3.981877926246129018e-01,-8.000000000000000000e+00,0.000000000000000000e+00
8.874999999999999556e-02,3.487765914248208698e-02,4.759046181976912537e-01,-1.992009410996542773e-01,-3.521752177104573445e+00,-2.420123834018494957e-02,3.045044188085301862e-01,3.491957483850090249e-02,4.053065970439547749e-01,-8.000000000000000000e+00,0.000000000000000000e+00
8.999999999999999667e-02,3.546511882896914714e-02,4.640338052861532336e-01,-2.035825402806896722e-01,-3.489004572756379652e+00,-2.380109013175582197e-02,3.359173606896395659e-01,3.543066536178973713e-02,4.124400903083014214e-01,-8.000000000000000000e+00,0.000000000000000000e+00
9.124999999999999778e-02,3.603775090950112753e-02,4.521804013915479703e-01,-2.079239451974197461e-01,-3.457439378536182328e+00,-2.336098426687218191e-02,3.684359346748633524e-01,3.595067818953331940e-02,4.195810684626231080e-01,-8.000000000000000000e+00,0.000000000000000000e+00
9.249999999999999889e-02,3.659557696649268221e-02,4.403441191036722158e-01,-2.122266264019525284e-01,-3.427044616083767981e+00,-2.287954150239267237e-02,4.020556315146688875e-01,3.647961808203387113e-02,4.267221488067011737e-01,-8.000000000000000000e+00,0.000000000000000000e+00
9.375000000000000000e-02,3.713861821853203793e-02,4.285246637768640454e-01,-2.164920393192642234e-01,-3.397808061288486670e+00,-2.235538835723661910e-02,4.367717427735083313e-01,3.701748046199824366e-02,4.338557747597102665e-01,-8.000000000000000000e+00,0.000000000000000000e+00
9.500000000000000111e-02,3.766689551157675203e-02,4.167217339071049853e-01,-2.207216239429010407e-01,-3.369717248413759858e+00,-2.178715735615279966e-02,4.725793685174475844e-01,3.756425120061001460e-02,4.409742214612718536e-01,-8.000000000000000000e+00,0.000000000000000000e+00
9.625000000000000222e-02,3.818042931059523887e-02,4.049350214687340577e-01,-2.249168045340059763e-01,-3.342759471325552845e+00,-2.117348726628370120e-02,5.094734211925355805e-01,3.811990641107399630e-02,4.480696021297382314e-01,-8.000000000000000000e+00,0.000000000000000000e+00
9.750000000000000333e-02,3.867923969160584619e-02,3.931642122144693996e-01,-2.290789893201733707e-01,-3.316921782020632481e+00,-2.051302333114253182e-02,5.474486259239477182e-01,3.868441225059299216e-02,4.551338751991831355e-01,-8.000000000000000000e+00,0.000000000000000000e+00
9.875000000000000444e-02,3.916334633406994004e-02,3.814089859423590023e-01,-2.332095701908765972e-01,-3.292190986647155260e+00,-1.980441750633555459e-02,5.864995174616615126e-01,3.925772473176390720e-02,4.621588522570154733e-01,-8.000000000000000000e+00,0.000000000000000000e+00
1.000000000000000056e-01,3.963276851359984893e-02,3.696690167332054022e-01,-2.373099223864530705e-01,-3.268553639207296246e+00,-1.904632870108240172e-02,6.266204339947623048e-01,3.983978954440775544e-02,4.691362068042602695e-01,-8.000000000000000000e+00,0.000000000000000000e+00
1.012500000000000067e-01,4.008752509494695887e-02,3.579439731619347698e-01,-2.413814041778666042e-01,-3.245996033129301406e+00,-1.823742302931134762e-02,6.678055080535275634e-01,4.043054188887555689e-02,4.760574838603308656e-01,-8.000000000000000000e+00,0.000000000000000000e+00
1.024999999999999939e-01,4.052763452523949067e-02,3.462335184863061799e-01,-2.454253565346998789e-01,-3.224504190894581068e+00,-1.737637407383400834e-02,7.100486547162891959e-01,4.102990632189912334e-02,4.829141104335175627e-01,-8.000000000000000000e+00,0.000000000000000000e+00
1.037499999999999950e-01,4.095311482744373732e-02,3.345373108162838505e-01,-2.494431027790613431e-01,-3.204063851904280558e+00,-1.646186316683361656e-02,7.533435573367636140e-01,4.163779661608162097e-02,4.896974068774077038e-01,-8.000000000000000000e+00,0.000000000000000000e+00
1.049999999999999961e-01,4.136398359402663344e-02,3.228550032673248027e-01,-2.534359482233207728e-01,-3.184660458769192459e+00,-1.549257968963171916e-02,7.976836510071041442e-01,4.225411563414722960e-02,4.963985991520005192e-01,-8.000000000000000000e+00,0.000000000000000000e+00
1.062499999999999972e-01,4.176025798080155310e-02,3.111862441007635649e-01,-2.574051797898174176e-01,-3.166279142206879893e+00,-1.446722139442896925e-02,8.430621039723690258e-01,4.287875521909152721e-02,5.030088320063593743e-01,-8.000000000000000000e+00,0.000000000000000000e+00
1.074999999999999983e-01,4.214195470094312529e-02,2.995306768544066522e-01,-2.613520656109152851e-01,-3.148904704730450810e+00,-1.338449475044526868e-02,8.894717972133957540e-01,4.351159610139377493e-02,5.095191830972276570e-01,-8.000000000000000000e+00,0.000000000000000000e+00
1.087499999999999994e-01,4.250909001916079732e-02,2.878879404663807207e-01,-2.652778546080105659e-01,-3.132521603314512237e+00,-1.224311531661208957e-02,9.369053024171838384e-01,4.415250782446866751e-02,5.159206780551013338e-01,-8.000000000000000000e+00,0.000000000000000000e+00
1.100000000000000006e-01,4.286167974602449193e-02,2.762576693952075169e-01,-2.691837760483297148e-01,-3.117113931225369949e+00,-1.104180814269419171e-02,9.853548585567606377e-01,4.480134868954714633e-02,5.222043065057778710e-01,-8.000000000000000000e+00,0.000000000000000000e+00
1.112500000000000017e-01,4.319973923243956848e-02,2.646394937390078583e-01,-2.730710390785910935e-01,-3.102665399204470820e+00,-9.779308200438324369e-03,1.034812347306053315e+00,4.545796572118368517e-02,5.283610390513787669e-01,-8.000000000000000000e+00,0.000000000000000000e+00
1.125000000000000028e-01,4.352328336427169209e-02,2.530330393566613822e-01,-2.769408322348412277e-01,-3.089159316196282479e+00,-8.454360846062091220e-03,1.085269267519415326e+00,4.612219465458945039e-02,5.343818452102552241e-01,-8.000000000000000000e+00,0.000000000000000000e+00
1.137500000000000039e-01,4.383232655712580861e-02,2.414379279936695877e-01,-2.807943229280168707e-01,-3.076578569814214958e+00,-7.065722315106246626e-03,1.136716709010042736e+00,4.679385994598694865e-02,5.402577123100338330e-01,-8.000000000000000000e+00,0.000000000000000000e+00
1.150000000000000050e-01,4.412688275128680282e-02,2.298537774153851521e-01,-2.846326569050278699e-01,-3.064905606740637278e+00,-5.612160250377882208e-03,1.189145325866425740e+00,4.747277480717104065e-02,5.459796653223403240e-01,-8.000000000000000000e+00,0.000000000000000000e+00
1.162500000000000061e-01,4.440696540683261584e-02,2.182802015501780490e-01,-2.884569576854019157e-01,-3.054122413259462210e+00,-4.092454263409843127e-03,1.242545309551059018e+00,4.815874126544303357e-02,5.515387876214710161e-01,-8.000000000000000000e+00,0.000000000000000000e+00
1.174999999999999933e-01,4.467258749893383146e-02,2.067168106450084919e-01,-2.922683259737823835e-01,-3.044210496121954712e+00,-2.505396529553258027e-03,1.296906362030712634e+00,4.885155025005813445e-02,5.569262426424727019e-01,-8.000000000000000000e+00,0.000000000000000000e+00
1.187499999999999944e-01,4.492376151335671780e-02,1.951632114357659542e-01,-2.960678390488220013e-01,-3.035150863948286926e+00,-8.497924165053634404e-04,1.352217669192458560e+00,4.955098170629150534e-02,5.621332964067791149e-01,-8.000000000000000000e+00,0.000000000000000000e+00
1.199999999999999956e-01,4.516049944218960416e-02,1.836190073346113949e-01,-2.998565501292695945e-01,-3.026924009368691326e+00,8.755388542458306805e-04,1.408467874804154363e+00,5.025680473818330135e-02,5.671513408757720143e-01,-8.000000000000000000e+00,0.000000000000000000e+00
1.212499999999999967e-01,4.538281277981514455e-02,1.720837986364248395e-01,-3.036354877183019552e-01,-3.019509892108746651e+00,2.671763513904360648e-03,1.465645055281993958e+00,5.096877778096869233e-02,5.719719180844310413e-01,-8.000000000000000000e+00,0.000000000000000000e+00
1.224999999999999978e-01,4.559071251915362832e-02,1.605571827463115331e-01,-3.074056549274087891e-01,-3.012887923223159348e+00,4.540032521951245514e-03,1.523736695530832908e+00,5.168664880413355311e-02,5.765867449986762372e-01,-8.000000000000000000e+00,0.000000000000000000e+00
1.237499999999999989e-01,4.578420914820475335e-02,1.490387544299558165e-01,-3.111680287813937129e-01,-3.007036950681234444e+00,6.481480812339703718e-03,1.582729666125042289e+00,5.241015554596063081e-02,5.809877390311604106e-01,-8.000000000000000000e+00,0.000000000000000000e+00
1.250000000000000000e-01,4.596331264691749102e-02,1.375281060884319395e-01,-3.149235595063068494e-01,-3.001935246504889410e+00,8.497226512144137947e-03,1.642610202098426342e+00,5.313902578034378904e-02,5.851670441412145651e-01,-8.000000000000000000e+00,0.000000000000000000e+00
1.262500000000000011e-01,4.612803248441948306e-02,1.260248280588845138e-01,-3.186731698023728132e-01,-2.997560495656383495e+00,1.058837013484176075e-02,1.703363883611009433e+00,5.387297761654927242e-02,5.891170574354933631e-01,-8.000000000000000000e+00,0.000000000000000000e+00
1.275000000000000022e-01,4.627837761663910338e-02,1.145285089422775071e-01,-3.224177541042226869e-01,-2.993889786867781844e+00,1.275599375073914292e-02,1.764975618758042097e+00,5.461171983249296646e-02,5.928304561767083758e-01,-8.000000000000000000e+00,0.000000000000000000e+00
1.287500000000000033e-01,4.641435648435462968e-02,1.030387359591801721e-01,-3.261581778309728952e-01,-2.990899605597372002e+00,1.500116013738511840e-02,1.827429628782176518e+00,5.535495224198112157e-02,5.963002250987986530e-01,-8.000000000000000000e+00,0.000000000000000000e+00
1.300000000000000044e-01,4.653597701170607281e-02,9.155509533431069324e-02,-3.298952766289218741e-01,-2.988565829289716813e+00,1.732491191313381002e-02,1.890709435943209726e+00,5.610236609622953896e-02,5.995196839180954029e-01,-8.000000000000000000e+00,0.000000000000000000e+00
1.312500000000000056e-01,4.664324660520590554e-02,8.007717271029439476e-02,-3.336298556098485357e-01,-2.986863725105612488e+00,1.972827065733424173e-02,1.954797854290907022e+00,5.685364451983267869e-02,6.024825149216310738e-01,-8.000000000000000000e+00,0.000000000000000000e+00
1.325000000000000067e-01,4.673617215328533525e-02,6.860455359081457649e-02,-3.373626885880977033e-01,-2.985767950275879379e+00,2.221223602092301658e-02,2.019676983575048546e+00,5.760846298120079340e-02,6.051827905058650980e-01,-8.000000000000000000e+00,0.000000000000000000e+00
1.337500000000000078e-01,4.681476002641288270e-02,5.713682381304071439e-02,-3.410945173198214886e-01,-2.985252555218560921e+00,2.477778483148082231e-02,2.085328206512841120e+00,5.836648979732003001e-02,6.076150005318978753e-01,-8.000000000000000000e+00,0.000000000000000000e+00
1.350000000000000089e-01,4.687901607782157115e-02,4.567357004891412636e-02,-3.448260507479090631e-01,-2.985290989542734863e+00,2.742587019707846963e-02,2.151732189617125535e+00,5.912738667251913466e-02,6.097740793568746653e-01,-8.000000000000000000e+00,0.000000000000000000e+00
1.362500000000000100e-01,4.692894564488036407e-02,3.421438033455628108e-02,-3.485579642562811054e-01,-2.985856111043759586e+00,3.015742061348059347e-02,2.218868887769332776e+00,5.989080927074734439e-02,6.116554323958921513e-01,-8.000000000000000000e+00,0.000000000000000000e+00
1.375000000000000111e-01,4.696455355114446950e-02,2.275884462674312297e-02,-3.522908989373431665e-01,-2.986920197774428409e+00,3.297333907949150794e-02,2.286717552698881661e+00,6.065640782068334319e-02,6.132549620644612842e-01,-8.000000000000000000e+00,0.000000000000000000e+00
1.387500000000000122e-01,4.698584410911739451e-02,1.130655538506279180e-02,-3.560254608764838458e-01,-2.988454963254278063e+00,3.587450222541442579e-02,2.355256745505718730e+00,6.142382775280558899e-02,6.145690929485941867e-01,-8.000000000000000000e+00,0.000000000000000000e+00
1.400000000000000133e-01,4.699282112375589154e-02,-1.428918219523386823e-04,-3.597622204575673943e-01,-2.990431574855327845e+00,3.886175945974914420e-02,2.424464353335067823e+00,6.219271036736205571e-02,6.155947960480003811e-01,-8.000000000000000000e+00,0.000000000000000000e+00
1.412499999999999867e-01,4.698548789674652365e-02,-1.158989768875181431e-02,-3.635017116934015635e-01,-2.992820675376975714e+00,4.193593213937106545e-02,2.494317610283333764e+00,6.296269353198412355e-02,6.163296119378173232e-01,-8.000000000000000000e+00,0.000000000000000000e+00
1.424999999999999878e-01,4.696384723157983471e-02,-2.303485852510009368e-02,-3.672444315851616237e-01,-2.995592407795875545e+00,4.509781276851309445e-02,2.564793122581705553e+00,6.373341240749685888e-02,6.167716726958679674e-01,-8.000000000000000000e+00,0.000000000000000000e+00
1.437499999999999889e-01,4.692790143944494674e-02,-3.447816559146968385e-02,-3.709908395147153426e-01,-2.998716443148597754e+00,4.834816423190875512e-02,2.635866898069569420e+00,6.450450020028863918e-02,6.169197224457075857e-01,-8.000000000000000000e+00,0.000000000000000000e+00
1.449999999999999900e-01,4.687765234596401320e-02,-4.592020442043652506e-02,-3.747413566737239909e-01,-3.002162011476068759e+00,5.168771906744762390e-02,2.707514379933744220e+00,6.527558893941870499e-02,6.167731363707609216e-01,-8.000000000000000000e+00,0.000000000000000000e+00
1.462499999999999911e-01,4.681310129878202275e-02,-5.736135412728805838e-02,-3.784963655332868049e-01,-3.005897935729469950e+00,5.511717878364098822e-02,2.779710484652096802e+00,6.604631027646468144e-02,6.163319380616786303e-01,-8.000000000000000000e+00,0.000000000000000000e+00
1.474999999999999922e-01,4.673424917602327783e-02,-6.880198671329799953e-02,-3.822562093577524522e-01,-3.009892668507871072e+00,5.863721322709475325e-02,2.852429644041778456e+00,6.681629630594461411e-02,6.155968150676717210e-01,-8.000000000000000000e+00,0.000000000000000000e+00
1.487499999999999933e-01,4.664109639562147303e-02,-8.024246636533620414e-02,-3.860211917661415248e-01,-3.014114331468722430e+00,6.224846000503796162e-02,2.925645851273551035e+00,6.758518040399323634e-02,6.145691325329771804e-01,-8.000000000000000000e+00,0.000000000000000000e+00
1.499999999999999944e-01,4.653364292552555209e-02,-9.168314875566319078e-02,-3.897915763444061987e-01,-3.018530757223854444e+00,6.595152396775770531e-02,2.999332710674993852e+00,6.835259808283075667e-02,6.132509448117091644e-01,-8.000000000000000000e+00,0.000000000000000000e+00
1.512499999999999956e-01,4.641188829477863736e-02,-1.031243803459030578e-01,-3.935675863115031259e-01,-3.023109533506260327e+00,6.974697675554590581e-02,3.073463491107303547e+00,6.911818785843738822e-02,6.116450049680645096e-01,-8.000000000000000000e+00,0.000000000000000000e+00
1.524999999999999967e-01,4.627583160546225316e-02,-1.145664976992923217e-01,-3.973494042419697392e-01,-3.027818049367062336e+00,7.363535641447115088e-02,3.148011182663471796e+00,6.988159212874019144e-02,6.097547720840458263e-01,-8.000000000000000000e+00,0.000000000000000000e+00
1.537499999999999978e-01,4.612547154549288819e-02,-1.260098268053630177e-01,-4.011371718473794035e-01,-3.032623543138120770e+00,7.761716708495111638e-02,3.222948556400420994e+00,7.064245805953137114e-02,6.075844163133921061e-01,-8.000000000000000000e+00,0.000000000000000000e+00
1.549999999999999989e-01,4.596080640225275876e-02,-1.374546824212338758e-01,-4.049309898187049561e-01,-3.037493151874114616e+00,8.169287876672119697e-02,3.298248226784715520e+00,7.140043847527174914e-02,6.051388216380632068e-01,-8.000000000000000000e+00,0.000000000000000000e+00
1.562500000000000000e-01,4.578183407703144414e-02,-1.489013674336517878e-01,-4.087309177312518638e-01,-3.042393961968994809e+00,8.586292716337508291e-02,3.373882716501311663e+00,7.215519275188976567e-02,6.024235863022092685e-01,-8.000000000000000000e+00,0.000000000000000000e+00
1.575000000000000011e-01,4.558855210024984062e-02,-1.603501722458473278e-01,-4.125369740134290919e-01,-3.047293060625801964e+00,9.012771360919796804e-02,3.449824523247933428e+00,7.290638770866747498e-02,5.994450209178195932e-01,-8.000000000000000000e+00,0.000000000000000000e+00
1.587500000000000022e-01,4.538095764743301647e-02,-1.718013741931413707e-01,-4.163491359802176661e-01,-3.052157587846265230e+00,9.448760508052614360e-02,3.526046188114541735e+00,7.365369849630945542e-02,5.962101442559384346e-01,-8.000000000000000000e+00,0.000000000000000000e+00
1.600000000000000033e-01,4.515904755589358194e-02,-1.832552369910671608e-01,-4.201673399317729096e-01,-3.056954788597585182e+00,9.894293429335394852e-02,3.602520365128403235e+00,7.439680947832086333e-02,5.927266767571817141e-01,-8.000000000000000000e+00,0.000000000000000000e+00
1.612500000000000044e-01,4.492281834208274732e-02,-1.947120102195542823e-01,-4.239914813171647423e-01,-3.061652064808548790e+00,1.034939998883751683e-01,3.679219891530799647e+00,7.513541510287498337e-02,5.890030318150100141e-01,-8.000000000000000000e+00,0.000000000000000000e+00
1.625000000000000056e-01,4.467226621956187776e-02,-2.061719288464605448e-01,-4.278214149628247198e-01,-3.066217026845751370e+00,1.081410667040968304e-01,3.756117858341718296e+00,7.586922076242970381e-02,5.850483049045333006e-01,-8.000000000000000000e+00,0.000000000000000000e+00
1.637500000000000067e-01,4.440738711754348145e-02,-2.176352127934388370e-01,-4.316569553648325064e-01,-3.070617544123262821e+00,1.128843661381054020e-01,3.833187680764124305e+00,7.659794363845524867e-02,5.808722606482532580e-01,-8.000000000000000000e+00,0.000000000000000000e+00
1.650000000000000078e-01,4.412817669994698738e-02,-2.291020665467913553e-01,-4.354978770437450963e-01,-3.074821794505564032e+00,1.177240965960044405e-01,3.910403167979721317e+00,7.732131352876046859e-02,5.764853179278325301e-01,-8.000000000000000000e+00,0.000000000000000000e+00
1.662500000000000089e-01,4.383463038491162284e-02,-2.405726788155983509e-01,-4.393439149602532123e-01,-3.078798312173914642e+00,1.226604240269856816e-01,3.987738591893502882e+00,7.803907365505230453e-02,5.718985331674560912e-01,-8.000000000000000000e+00,0.000000000000000000e+00
1.675000000000000100e-01,4.352674336470609834e-02,-2.520472222390189310e-01,-4.431947649895447428e-01,-3.082516033640344766e+00,1.276934825444478450e-01,4.065168754394760775e+00,7.875098144852912818e-02,5.671235819293926061e-01,-8.000000000000000000e+00,0.000000000000000000e+00
1.687500000000000111e-01,4.320451062597261555e-02,-2.635258531442505880e-01,-4.470500844518717765e-01,-3.085944341610984409e+00,1.328233751295463394e-01,4.142669052717435463e+00,7.945680931149330661e-02,5.621727389757620319e-01,-8.000000000000000000e+00,0.000000000000000000e+00
1.700000000000000122e-01,4.286792697024120746e-02,-2.750087113562114105e-01,-4.509094926964567485e-01,-3.089053106421162820e+00,1.380501744150473831e-01,4.220215542502472772e+00,8.015634535316798481e-02,5.570588569621007791e-01,-8.000000000000000000e+00,0.000000000000000000e+00
1.712500000000000133e-01,4.251698703464928258e-02,-2.864959200595760258e-01,-4.547725717355413089e-01,-3.091812724788322697e+00,1.433739235463778738e-01,4.297784998188893368e+00,8.084939409811660316e-02,5.517953439379414959e-01,-8.000000000000000000e+00,0.000000000000000000e+00
1.724999999999999867e-01,4.215168531280077263e-02,-2.979875857133648664e-01,-4.586388669250797689e-01,-3.094194155654906186e+00,1.487946371163132442e-01,4.375354970388156239e+00,8.153577716588733537e-02,5.463961398371915967e-01,-8.000000000000000000e+00,0.000000000000000000e+00
1.737499999999999878e-01,4.177201617569930442e-02,-3.094837980178566927e-01,-4.625078876883119694e-01,-3.096168952921578121e+00,1.543123021693323660e-01,4.452903839927695451e+00,8.221533392073698820e-02,5.408756921465299738e-01,-8.000000000000000000e+00,0.000000000000000000e+00
1.749999999999999889e-01,4.137797389269035758e-02,-3.209846299331768349e-01,-4.663791082782189901e-01,-3.097709294901021426e+00,1.599268792712974507e-01,4.530410868283640369e+00,8.288792209052629756e-02,5.352489309433248188e-01,-8.000000000000000000e+00,0.000000000000000000e+00
1.762499999999999900e-01,4.096955265234839688e-02,-3.324901377485115495e-01,-4.702519685746727740e-01,-3.098788010353589417e+00,1.656383036397893749e-01,4.607856244159220793e+00,8.355341835411890516e-02,5.295312434957123449e-01,-8.000000000000000000e+00,0.000000000000000000e+00
1.774999999999999911e-01,4.054674658324656372e-02,-3.440003612005183564e-01,-4.741258749119364180e-01,-3.099378600997902300e+00,1.714464863301478903e-01,4.685221126003586534e+00,8.421171889685677425e-02,5.237384486165153064e-01,-8.000000000000000000e+00,0.000000000000000000e+00
1.787499999999999922e-01,4.010954977454855158e-02,-3.555153236391466742e-01,-4.780002009320590273e-01,-3.099455260421517533e+00,1.773513154720349483e-01,4.762487680305158122e+00,8.486273993392259851e-02,5.178867709597041458e-01,-8.000000000000000000e+00,0.000000000000000000e+00
1.799999999999999933e-01,3.965795629636462843e-02,-3.670350322387586073e-01,-4.818742884596347031e-01,-3.098992889348676893e+00,1.833526575511558732e-01,4.839639115533586278e+00,8.550641820163298878e-02,5.119928154432272782e-01,-8.000000000000000000e+00,0.000000000000000000e+00
1.812499999999999944e-01,3.919196021981670441e-02,-3.785594782521471968e-01,-4.857474483933620357e-01,-3.097967107253380981e+00,1.894503587306416159e-01,4.916659711644349784e+00,8.614271141693186085e-02,5.060735419753996656e-01,-8.000000000000000000e+00,0.000000000000000000e+00
1.824999999999999956e-01,3.871155563676040995e-02,-3.900886373047940392e-01,-4.896189616098435282e-01,-3.096354260336256825e+00,1.956442462065121346e-01,4.993534845099413033e+00,8.677159870556999666e-02,5.001462406538065286e-01,-8.000000000000000000e+00,0.000000000000000000e+00
1.837499999999999967e-01,3.821673667911571620e-02,-4.016224697264899612e-01,-4.934880798751067332e-01,-3.094131425912524325e+00,2.019341295916069201e-01,5.070251009395676967e+00,8.739308099966205945e-02,4.942285075960391461e-01,-8.000000000000000000e+00,0.000000000000000000e+00
1.849999999999999978e-01,3.770749753776126562e-02,-4.131609209172628083e-01,-4.973540267594049324e-01,-3.091276413285474423e+00,2.083198023223813145e-01,5.146795831129708176e+00,8.800718140550491120e-02,4.883382215507253155e-01,-8.000000000000000000e+00,0.000000000000000000e+00
1.862499999999999989e-01,3.718383248095148003e-02,-4.247039217444183445e-01,-5.012159985509633264e-01,-3.087767761204992301e+00,2.148010430830251949e-01,5.223158081661996022e+00,8.861394554271917468e-02,4.824935214254632010e-01,-8.000000000000000000e+00,0.000000000000000000e+00
1.875000000000000000e-01,3.664573587221964940e-02,-4.362513889673990120e-01,-5.050731651644769782e-01,-3.083584732033543663e+00,2.213776172414599896e-01,5.299327684476410560e+00,8.921344185593897691e-02,4.767127848556194092e-01,-8.000000000000000000e+00,0.000000000000000000e+00
1.887500000000000011e-01,3.609320218773431899e-02,-4.478032256871058436e-01,-5.089246710403317886e-01,-3.078707302762521802e+00,2.280492782919082417e-01,5.375295718360266761e+00,8.980576190042166562e-02,4.710146079247300444e-01,-8.000000000000000000e+00,0.000000000000000000e+00
1.900000000000000022e-01,3.552622603308046995e-02,-4.593593218163039005e-01,-5.127696360307101298e-01,-3.073116153039785914e+00,2.348157692989041867e-01,5.451054416557248317e+00,9.039102060307908915e-02,4.654177861336499245e-01,-8.000000000000000000e+00,0.000000000000000000e+00
1.912500000000000033e-01,3.494480215944129747e-02,-4.709195545677445360e-01,-5.166071562689542596e-01,-3.066792650384545293e+00,2.416768243378191461e-01,5.526597162069163183e+00,9.096935650054489841e-02,4.599412967018326470e-01,-8.000000000000000000e+00,0.000000000000000000e+00
1.925000000000000044e-01,3.434892547916047062e-02,-4.824837889566825355e-01,-5.204363050187879036e-01,-3.059718832778403286e+00,2.486321699272083796e-01,5.601918479303036769e+00,9.154093195598803079e-02,4.546042822703836306e-01,-8.000000000000000000e+00,0.000000000000000000e+00
1.937500000000000056e-01,3.373859108066896290e-02,-4.940518783145425585e-01,-5.242561335002400291e-01,-3.051877388831409910e+00,2.556815264485432504e-01,5.677014022277260707e+00,9.210593335646102831e-02,4.494260360629774853e-01,-8.000000000000000000e+00,0.000000000000000000e+00
1.950000000000000067e-01,3.311379424276447020e-02,-5.056236648105925102e-01,-5.280656716893674663e-01,-3.043251635729412374e+00,2.628246095491684198e-01,5.751880559614461319e+00,9.266457129263369619e-02,4.444259885475376759e-01,-8.000000000000000000e+00,0.000000000000000000e+00
1.962500000000000078e-01,3.247453044823531143e-02,-5.171989799786100850e-01,-5.318639290891356008e-01,-3.033825495173944287e+00,2.700611315246155830e-01,5.826515956559454423e+00,9.321708072280814050e-02,4.396236956288676612e-01,-8.000000000000000000e+00,0.000000000000000000e+00
1.975000000000000089e-01,3.182079539682436398e-02,-5.287776452456778298e-01,-5.356498954690793735e-01,-3.023583467528486057e+00,2.773908026767079593e-01,5.900919154268191136e+00,9.376372112314157459e-02,4.350388283903308673e-01,-8.000000000000000000e+00,0.000000000000000000e+00
1.987500000000000100e-01,3.115258501753210077e-02,-5.403594724604097177e-01,-5.394225415716389360e-01,-3.012510604385287394e+00,2.848133326442008340e-01,5.975090146618134312e+00,9.430477662601835509e-02,4.306911643912919030e-01,-8.000000000000000000e+00,0.000000000000000000e+00
2.000000000000000111e-01,3.046989548026101877e-02,-5.519442644180950763e-01,-5.431808197833267737e-01,-3.000592479765270770e+00,2.923284317030171997e-01,6.049029954792179531e+00,9.484055614851470695e-02,4.266005805164400644e-01,-8.000000000000000000e+00,0.000000000000000000e+00
2.012500000000000122e-01,2.977272320680677403e-02,-5.635318153804380614e-01,-5.469236647691495534e-01,-2.987815160159997152e+00,2.999358120334527089e-01,6.122740599887275259e+00,9.537139351288842493e-02,4.227870473633732473e-01,-8.000000000000000000e+00,0.000000000000000000e+00
2.025000000000000133e-01,2.906106488120414541e-02,-5.751219115877740373e-01,-5.506499940689653094e-01,-2.974165173619492286e+00,3.076351889520360094e-01,6.196225073795487148e+00,9.589764756100317700e-02,4.192706251459738520e-01,-8.000000000000000000e+00,0.000000000000000000e+00
2.037499999999999867e-01,2.833491745943843634e-02,-5.867143317618508380e-01,-5.543587086547074883e-01,-2.959629478083085186e+00,3.154262821060374589e-01,6.269487308599663855e+00,9.641970226456395010e-02,4.160714610831724447e-01,-8.000000000000000000e+00,0.000000000000000000e+00
2.049999999999999878e-01,2.759427817853517956e-02,-5.983088475974733811e-01,-5.580486934476476257e-01,-2.944195429142550058e+00,3.233088166289163623e-01,6.342532144718306952e+00,9.693796683299762962e-02,4.132097882356876584e-01,-8.000000000000000000e+00,0.000000000000000000e+00
2.062499999999999889e-01,2.683914456504305282e-02,-6.099052242415202718e-01,-5.617188177951024652e-01,-2.927850747417925614e+00,3.312825242552857041e-01,6.415365298025002438e+00,9.745287582076218869e-02,4.107059257472335800e-01,-8.000000000000000000e+00,0.000000000000000000e+00
2.074999999999999900e-01,2.606951444292658626e-02,-6.215032207580485357e-01,-5.653679359062074861e-01,-2.910583485716671692e+00,3.393471443942475130e-01,6.487993326157083906e+00,9.796488923580999597e-02,4.085802804414868095e-01,-8.000000000000000000e+00,0.000000000000000000e+00
2.087499999999999911e-01,2.528538594088675442e-02,-6.331025905784072316e-01,-5.689948872465885321e-01,-2.892381996136452749e+00,3.475024251602137348e-01,6.560423594216281629e+00,9.847449265086727355e-02,4.068533497217638462e-01,-8.000000000000000000e+00,0.000000000000000000e+00
2.099999999999999922e-01,2.448675749912876745e-02,-6.447030819354780951e-01,-5.725984968919546336e-01,-2.873234897261044640e+00,3.557481243605724042e-01,6.632664240051245663e+00,9.898219731912301367e-02,4.055457257168399998e-01,-8.000000000000000000e+00,0.000000000000000000e+00
2.112499999999999933e-01,2.367362787559735768e-02,-6.563044382813532085e-01,-5.761775758408171910e-01,-2.853131041587778860e+00,3.640840104397881638e-01,6.704724139298223307e+00,9.948854029584824898e-02,4.046781006135887759e-01,-8.000000000000000000e+00,0.000000000000000000e+00
2.124999999999999944e-01,2.284599615170058648e-02,-6.679063986879396619e-01,-5.797309212867044481e-01,-2.832059483313759340e+00,3.725098633797377379e-01,6.776612870342023420e+00,9.999408456739100615e-02,4.042712731150807093e-01,-8.000000000000000000e+00,0.000000000000000000e+00
2.137499999999999956e-01,2.200386173754374786e-02,-6.795086982301571377e-01,-5.832573168503942806e-01,-2.810009446596922977e+00,3.810254755562745288e-01,6.848340679344915749e+00,1.004994191889146821e-01,4.043461559613935608e-01,-8.000000000000000000e+00,0.000000000000000000e+00
2.149999999999999967e-01,2.114722437669526098e-02,-6.911110683515541142e-01,-5.867555327728254388e-01,-2.786970294397021597e+00,3.896306525521914810e-01,6.919918445476475277e+00,1.010051594321684926e-01,4.049237844495833238e-01,-8.000000000000000000e+00,0.000000000000000000e+00
2.162499999999999978e-01,2.027608415050655144e-02,-7.027132372123212622e-01,-5.902243260694719496e-01,-2.762931497990880114e+00,3.983252139269098380e-01,6.991357646462749820e+00,1.015119469444991929e-01,4.060253258889860994e-01,-8.000000000000000000e+00,0.000000000000000000e+00
2.174999999999999989e-01,1.939044148200784468e-02,-7.143149300198217144e-01,-5.936624406470772941e-01,-2.737882607245931688e+00,4.071089939433581995e-01,7.062670324558630419e+00,1.020204499202332776e-01,4.076720899281950916e-01,-8.000000000000000000e+00,0.000000000000000000e+00
2.187500000000000000e-01,1.849029713940162495e-02,-7.259158693418883423e-01,-5.970686073837440100e-01,-2.711813221726123491e+00,4.159818422526294079e-01,7.133869053033064844e+00,1.025313632854798207e-01,4.098855396906197490e-01,-8.000000000000000000e+00,0.000000000000000000e+00
2.200000000000000011e-01,1.757565223917503805e-02,-7.375157754032548585e-01,-6.004415441734591852e-01,-2.684712962694911109e+00,4.249436245371042697e-01,7.204966903242914000e+00,1.030454088973256355e-01,4.126873036564185360e-01,-8.000000000000000000e+00,0.000000000000000000e+00
2.212500000000000022e-01,1.664650824885205438e-02,-7.491143663655983609e-01,-6.037799559362148072e-01,-2.656571446071247955e+00,4.339942231128190997e-01,7.275977412357816476e+00,1.035633357583175262e-01,4.160991882297450095e-01,-8.000000000000000000e+00,0.000000000000000000e+00
2.225000000000000033e-01,1.570286698940554643e-02,-7.607113585917664178e-01,-6.070825345949435459e-01,-2.627378256386276423e+00,4.431335374919222470e-01,7.346914551785570069e+00,1.040859202470506978e-01,4.201431909315918034e-01,-8.000000000000000000e+00,0.000000000000000000e+00
2.237500000000000044e-01,1.474473063734859854e-02,-7.723064668948508293e-01,-6.103479590205469485e-01,-2.597122921780889548e+00,4.523614849061204923e-01,7.417792696335220981e+00,1.046139663656087820e-01,4.248415141600077605e-01,-8.000000000000000000e+00,0.000000000000000000e+00
2.250000000000000056e-01,1.377210172652359316e-02,-7.838994047728469194e-01,-6.135748949463394331e-01,-2.565794890077426782e+00,4.616780007920540108e-01,7.488626594143361181e+00,1.051483060045292489e-01,4.302165794610423033e-01,-8.000000000000000000e+00,0.000000000000000000e+00
2.262500000000000067e-01,1.278498314960654046e-02,-7.954898846297080439e-01,-6.167619948532667706e-01,-2.533383505952567560e+00,4.710830392395644051e-01,7.559431337378104132e+00,1.056897992258978847e-01,4.362910422553905043e-01,-8.000000000000000000e+00,0.000000000000000000e+00
2.275000000000000078e-01,1.178337815934315559e-02,-8.070776179836633979e-01,-6.199078978272912765e-01,-2.499877989232929032e+00,4.805765734038314196e-01,7.630222333724807626e+00,1.062393345651085064e-01,4.430878069673239716e-01,-8.000000000000000000e+00,0.000000000000000000e+00
2.287500000000000089e-01,1.076729036953201664e-02,-8.186623156637229393e-01,-6.230112293903564691e-01,-2.465267414330006179e+00,4.901585958823528322e-01,7.701015278647890483e+00,1.067978293517581750e-01,4.506300425040550839e-01,-8.000000000000000000e+00,0.000000000000000000e+00
2.300000000000000100e-01,9.736723755768972657e-03,-8.302436879953375426e-01,-6.260706013063643827e-01,-2.429540690826863525e+00,4.998291190577296428e-01,7.771826128414012658e+00,1.073662300500843325e-01,4.589411980351572606e-01,-8.000000000000000000e+00,0.000000000000000000e+00
2.312500000000000111e-01,8.691682655965734042e-03,-8.418214449762229101e-01,-6.290846113636107129e-01,-2.392686545225397587e+00,5.095881754071941439e-01,7.842671073853458630e+00,1.079455126192881698e-01,4.680450190230145968e-01,-8.000000000000000000e+00,0.000000000000000000e+00
2.325000000000000122e-01,7.632171770654285273e-03,-8.533952964433904054e-01,-6.320518431351329625e-01,-2.354693503860020520e+00,5.194358177797857579e-01,7.913566514828735521e+00,1.085366828940279582e-01,4.779655634564699551e-01,-8.000000000000000000e+00,0.000000000000000000e+00
2.337500000000000133e-01,6.558196163087449439e-03,-8.649649522324568407e-01,-6.349708657184309768e-01,-2.315549876981226607e+00,5.293721196420345665e-01,7.984529035372180061e+00,1.091407769853069698e-01,4.887272182408521903e-01,-8.000000000000000000e+00,0.000000000000000000e+00
2.349999999999999867e-01,5.469761259144569586e-03,-8.765301223303308964e-01,-6.378402334560246967e-01,-2.275243744010678526e+00,5.393971752929624941e-01,8.055575379447697415e+00,1.097588617019227830e-01,5.003547156983657596e-01,-8.000000000000000000e+00,0.000000000000000000e+00
2.362499999999999878e-01,4.366872847049892842e-03,-8.880905170223942768e-01,-6.406584856383128468e-01,-2.233762939968160222e+00,5.495111000491499365e-01,8.126722427285614003e+00,1.103920349925872069e-01,5.128731501333950726e-01,-8.000000000000000000e+00,0.000000000000000000e+00
2.374999999999999889e-01,3.249537076909823387e-03,-8.996458470353155823e-01,-6.434241461901973880e-01,-2.191095043069954951e+00,5.597140304005506772e-01,8.197987172233981212e+00,1.110414264087700581e-01,5.263079944175936831e-01,-8.000000000000000000e+00,0.000000000000000000e+00
2.387499999999999900e-01,2.117760460073792213e-03,-9.111958236766501962e-01,-6.461357233429381175e-01,-2.147227363497882013e+00,5.700061241376606080e-01,8.269386698064455032e+00,1.117081975882630307e-01,5.406851165496722178e-01,-8.000000000000000000e+00,0.000000000000000000e+00
2.399999999999999911e-01,9.715498683220229453e-04,-9.227401589723938091e-01,-6.487917092926994700e-01,-2.102146933338347790e+00,5.803875604505694952e-01,8.340938156666075187e+00,1.123935427594040387e-01,5.560307961445585256e-01,-8.000000000000000000e+00,0.000000000000000000e+00
2.412499999999999922e-01,-1.890874671179737510e-04,-9.342785658036691920e-01,-6.513905798472526820e-01,-2.055840497691296065e+00,5.908585400003352195e-01,8.412658746055866388e+00,1.130986892658449178e-01,5.723717408060587930e-01,-8.000000000000000000e+00,0.000000000000000000e+00
2.424999999999999933e-01,-1.364143956725848020e-03,-9.458107580437405959e-01,-6.539307940622952620e-01,-2.008294506949842351e+00,6.014192849630299875e-01,8.484565688631059643e+00,1.138248981116879305e-01,5.897351023362868983e-01,-8.000000000000000000e+00,0.000000000000000000e+00
2.437499999999999944e-01,-2.553611654014953641e-03,-9.573364506965565957e-01,-6.564107938688528154e-01,-1.959495110252634564e+00,6.120700390467124219e-01,8.556676209583937265e+00,1.145734645267570823e-01,6.081484927339453339e-01,-8.000000000000000000e+00,0.000000000000000000e+00
2.449999999999999956e-01,-3.757482257033659470e-03,-9.688553600380395148e-01,-6.588290036932311633e-01,-1.909428150112553180e+00,6.228110674814765213e-01,8.629007515396743599e+00,1.153457185517097056e-01,6.276399999320122491e-01,-8.000000000000000000e+00,0.000000000000000000e+00
2.462499999999999967e-01,-4.975747110045626240e-03,-9.803672037613457846e-01,-6.611838300709924621e-01,-1.858079158227226690e+00,6.336426569826253408e-01,8.701576772330746223e+00,1.161430256426306956e-01,6.482382032235159963e-01,-8.000000000000000000e+00,0.000000000000000000e+00
2.474999999999999978e-01,-6.208397205394787163e-03,-9.918717011273371353e-01,-6.634736612564363645e-01,-1.805433352478972742e+00,6.445651156869054432e-01,8.774401084820382835e+00,1.169667872946861670e-01,6.699721883218449081e-01,-8.000000000000000000e+00,0.000000000000000000e+00
2.487499999999999989e-01,-7.455423185562323404e-03,-1.003368573121514506e+00,-6.656968668290801361e-01,-1.751475635134141839e+00,6.555787730616272624e-01,8.847497473680380864e+00,1.178184416843450627e-01,6.928715619994393338e-01,-8.000000000000000000e+00,0.000000000000000000e+00
2.500000000000000000e-01,-8.716815345424504258e-03,-1.014857542618679886e+00,-6.678517972986437456e-01,-1.696190592254432250e+00,6.666839797863781669e-01,8.920882854030852016e+00,1.186994643296049312e-01,7.169664662457344573e-01,-8.000000000000000000e+00,0.000000000000000000e+00
2.512499999999999734e-01,-9.992563634721854382e-03,-1.026338334556606613e+00,-6.699367837100643763e-01,-1.639562494335524034e+00,6.778811076069146679e-01,8.994574012842500466e+00,1.196113687675823684e-01,7.422875918818611085e-01,-8.000000000000000000e+00,0.000000000000000000e+00
2.525000000000000022e-01,-1.128265766075171005e-02,-1.037810676120016762e+00,-6.719501372500858993e-01,-1.581575298191339796e+00,6.891705491606965328e-01,9.068587586001353174e+00,1.205557072487479370e-01,7.688661915658516754e-01,-8.000000000000000000e+00,0.000000000000000000e+00
2.537499999999999756e-01,-1.258708669129787218e-02,-1.049274296936180795e+00,-6.738901488569928322e-01,-1.522212650105344567e+00,7.005527177733975597e-01,9.142940034789639014e+00,1.215340714470002914e-01,7.967340921179423274e-01,-8.000000000000000000e+00,0.000000000000000000e+00
2.550000000000000044e-01,-1.390583965781272587e-02,-1.060728929283472732e+00,-6.757550888350882801e-01,-1.461457890273543114e+00,7.120280472255980930e-01,9.217647621676780645e+00,1.225480931846831267e-01,8.259237060909881967e-01,-8.000000000000000000e+00,0.000000000000000000e+00
2.562499999999999778e-01,-1.523890515886884567e-02,-1.072174308314240321e+00,-6.775432064755473327e-01,-1.399294058567185806e+00,7.235969914887278032e-01,9.292726385311668835e+00,1.235994451715520109e-01,8.564680425060218205e-01,-8.000000000000000000e+00,0.000000000000000000e+00
2.575000000000000067e-01,-1.658627146389885648e-02,-1.083610172293365315e+00,-6.792527296853145824e-01,-1.335703901646651426e+00,7.352600244291922493e-01,9.368192114604699583e+00,1.246898417565946854e-01,8.884007166675657041e-01,-8.000000000000000000e+00,0.000000000000000000e+00
2.587499999999999800e-01,-1.794792651724403179e-02,-1.095036262853918752e+00,-6.808818646257569496e-01,-1.270669881461503170e+00,7.470176394794731944e-01,9.444060321785256562e+00,1.258210396914981599e-01,9.217559589674575449e-01,-8.000000000000000000e+00,0.000000000000000000e+00
2.600000000000000089e-01,-1.932385794253388758e-02,-1.106452325271339632e+00,-6.824287953628275227e-01,-1.204174185175312495e+00,7.588703492748503088e-01,9.520346214317498834e+00,1.269948389044379122e-01,9.565686225796491415e-01,-8.000000000000000000e+00,0.000000000000000000e+00
2.612499999999999822e-01,-2.071405304742083425e-02,-1.117858108757590507e+00,-6.838916835305478559e-01,-1.136198736557478828e+00,7.708186852542407985e-01,9.597064665554476903e+00,1.282130832827385880e-01,9.928741899416922978e-01,-8.000000000000000000e+00,0.000000000000000000e+00
2.625000000000000111e-01,-2.211849882869576858e-02,-1.129253366776773682e+00,-6.852686680096703453e-01,-1.066725208887941090e+00,7.828631972235048364e-01,9.674230184007683420e+00,1.294776614628204425e-01,1.030708777911419460e+00,-8.000000000000000000e+00,0.000000000000000000e+00
2.637499999999999845e-01,-2.353718197781240473e-02,-1.140637857383718368e+00,-6.865578646234432592e-01,-9.957350394243424940e-01,7.950044528794072418e-01,9.751856881106199637e+00,1.307905076257021015e-01,1.070109141479653969e+00,-8.000000000000000000e+00,0.000000000000000000e+00
2.650000000000000133e-01,-2.497008888684997333e-02,-1.152011343587079573e+00,-6.877573658524632760e-01,-9.232094454848798204e-01,8.072430372922667630e-01,9.829958437316633990e+00,1.321536022961757040e-01,1.111112675911645420e+00,-8.000000000000000000e+00,0.000000000000000000e+00
2.662499999999999867e-01,-2.641720565494595080e-02,-1.163373593738516121e+00,-6.888652405706710002e-01,-8.491294422036893552e-01,8.195795523451627762e-01,9.908548066492016915e+00,1.335689731436066896e-01,1.153757417181307865e+00,-8.000000000000000000e+00,0.000000000000000000e+00
2.675000000000000155e-01,-2.787851809523237551e-02,-1.174724381949547425e+00,-6.898795338046174175e-01,-7.734758620192055956e-01,8.320146161274005747e-01,9.987638478314817547e+00,1.350386957821341216e-01,1.198082040553247740e+00,-8.000000000000000000e+00,0.000000000000000000e+00
2.687499999999999889e-01,-2.935401174231138527e-02,-1.186063488537712818e+00,-6.907982665182066384e-01,-6.962293759594300191e-01,8.445488622797679978e-01,1.006724183869622458e+01,1.365648945678610837e-01,1.244125857157994508e+00,-8.000000000000000000e+00,0.000000000000000000e+00
2.700000000000000178e-01,-3.084367186030763375e-02,-1.197390700503686345e+00,-6.916194354252038767e-01,-6.173705167914514957e-01,8.571829392889406263e-01,1.014736972799088477e+01,1.381497433904245176e-01,1.291928808395801820e+00,-8.000000000000000000e+00,0.000000000000000000e+00
2.712499999999999911e-01,-3.234748345153731081e-02,-1.208705812041023231e+00,-6.923410128318813195e-01,-5.368797041058371855e-01,8.699175097282153546e-01,1.022803309688332796e+01,1.397954664561221472e-01,1.341531457993859533e+00,-8.000000000000000000e+00,0.000000000000000000e+00
2.725000000000000200e-01,-3.386543126583561880e-02,-1.220008625080236442e+00,-6.929609465122678058e-01,-4.547372714096387103e-01,8.827532494415700759e-01,1.030924221979955568e+01,1.415043390595478734e-01,1.392974981530778589e+00,-8.000000000000000000e+00,0.000000000000000000e+00
2.737499999999999933e-01,-3.539749981058670780e-02,-1.231298949868919967e+00,-6.934771596185592690e-01,-3.709234953046914307e-01,8.956908466678643599e-01,1.039100664569454757e+01,1.432786883404474632e-01,1.446301153230756587e+00,-8.000000000000000000e+00,0.000000000000000000e+00
2.750000000000000222e-01,-3.694367336150219255e-02,-1.242576605589647665e+00,-6.938875506293471496e-01,-2.854186268306026508e-01,9.087310011018049360e-01,1.047333514606398452e+01,1.451208940222521171e-01,1.501552329817960052e+00,-8.000000000000000000e+00,0.000000000000000000e+00
2.762499999999999956e-01,-3.850393597419654590e-02,-1.253841421017387603e+00,-6.941899933384202415e-01,-1.982029250542782228e-01,9.218744228881110558e-01,1.055623566002623548e+01,1.470333891284777983e-01,1.558771431209352132e+00,-8.000000000000000000e+00,0.000000000000000000e+00
2.775000000000000244e-01,-4.007827149660987687e-02,-1.265093235218169188e+00,-6.943823368870022383e-01,-1.092566929899910361e-01,9.351218315451204077e-01,1.063971523631875016e+01,1.490186606728931273e-01,1.618001917811498158e+00,-8.000000000000000000e+00,0.000000000000000000e+00
2.787499999999999978e-01,-4.166666358233072492e-02,-1.276331898290737454e+00,-6.944624058423893853e-01,-1.856031593580062533e-02,9.484739548138795273e-01,1.072377997205141575e+01,1.510792503190575842e-01,1.679287764173835296e+00,-8.000000000000000000e+00,0.000000000000000000e+00
2.800000000000000266e-01,-4.326909570487368073e-02,-1.287557272152909604e+00,-6.944280003260654421e-01,7.390569768645906257e-02,9.619315274285672457e-01,1.080843494805839455e+01,1.532177550045138725e-01,1.742673428737511632e+00,-8.000000000000000000e+00,0.000000000000000000e+00
2.812500000000000000e-01,-4.488555117296876701e-02,-1.298769231374323763e+00,-6.942768961944760786e-01,1.681606728994514410e-01,9.754952898038984355e-01,1.089368416068940704e+01,1.554368275245838482e-01,1.808203819405263646e+00,-8.000000000000000000e+00,0.000000000000000000e+00
2.824999999999999734e-01,-4.651601314692162953e-02,-1.309967664057225978e+00,-6.940068452757598427e-01,2.642237220582546176e-01,9.891659866349591379e-01,1.097953044988155824e+01,1.577391770703654716e-01,1.875924254643949407e+00,-8.000000000000000000e+00,0.000000000000000000e+00
2.837500000000000022e-01,-4.816046465610555882e-02,-1.321152472766892183e+00,-6.936155756658400895e-01,3.621136959694455926e-01,1.002944365404724314e+00,1.106597542335371109e+01,1.601275697151589850e-01,1.945880419817367146e+00,-8.000000000000000000e+00,0.000000000000000000e+00
2.849999999999999756e-01,-4.981888861764834781e-02,-1.332323575513201463e+00,-6.931007920873943906e-01,4.618491321536575822e-01,1.016831174794314174e+00,1.115301937676718858e+01,1.626048288431641564e-01,2.018118318432947422e+00,-8.000000000000000000e+00,0.000000000000000000e+00
2.862500000000000044e-01,-5.149126785637885007e-02,-1.343480906784792817e+00,-6.924601763153261924e-01,5.634482001654259609e-01,1.030827162990848755e+00,1.124066120969941807e+01,1.651738355138854808e-01,2.092684217971905181e+00,-8.000000000000000000e+00,0.000000000000000000e+00
2.874999999999999778e-01,-5.317758512609979671e-02,-1.354624418637115690e+00,-6.916913876724696264e-01,6.669286438864545641e-01,1.044933075887576779e+00,1.132889833728112983e+01,1.678375287552613115e-01,2.169624589958603966e+00,-8.000000000000000000e+00,0.000000000000000000e+00
2.887500000000000067e-01,-5.487782313225494230e-02,-1.365754081835552025e+00,-6.907920635993615166e-01,7.723077207116461063e-01,1.059149655170763094e+00,1.141772659735307371e+01,1.705989057780934459e-01,2.248986043911317179e+00,-8.000000000000000000e+00,0.000000000000000000e+00
