time_s,x_m,v_m_s,theta1_rad,omega1_rad_s,theta2_rad,omega2_rad_s,theta3_rad,omega3_rad_s,force_N,push_N
0.000000000000000000e+00,0.000000000000000000e+00,0.000000000000000000e+00,1.745329251994329547e-02,0.000000000000000000e+00,-1.745329251994329547e-02,0.000000000000000000e+00,1.745329251994329547e-02,0.000000000000000000e+00,0.000000000000000000e+00,0.000000000000000000e+00
2.500000000000000052e-03,-1.333029583428861293e-07,-1.066547247283660364e-04,1.747008662322118225e-02,1.343779932442250823e-02,-1.747887547741979256e-02,-2.047034345041382278e-02,1.746607601604809046e-02,1.022863207599765227e-02,0.000000000000000000e+00,0.000000000000000000e+00
5.000000000000000104e-03,-5.334194924080266017e-07,-2.134845035373510343e-04,1.752050682804929399e-02,2.690597484276674098e-02,-1.755568402929068295e-02,-4.098844121903569282e-02,1.750445404002639455e-02,2.047929745780863175e-02,0.000000000000000000e+00,0.000000000000000000e+00
7.499999999999999722e-03,-1.201039694428230862e-06,-3.206913914071810360e-04,1.760466730073885488e-02,4.043512216788267000e-02,-1.768389734138420960e-02,-6.160214070421338173e-02,1.756850925497921087e-02,3.077407026127310097e-02,0.000000000000000000e+00,0.000000000000000000e+00
1.000000000000000021e-02,-2.137359627528712718e-06,-4.284781753487322650e-04,1.772275883377531780e-02,5.405595662307921545e-02,-1.786381441223288888e-02,-8.235947622947040192e-02,1.765837960316914146e-02,4.113510650133506835e-02,0.000000000000000000e+00,0.000000000000000000e+00
1.250000000000000069e-02,-3.344083644746996081e-06,-5.370487653089507998e-04,1.787504921996751345e-02,6.779937309958666836e-02,-1.809585465690720721e-02,-1.033087621929292266e-01,1.777425856166891041e-02,5.158468476654775453e-02,0.000000000000000000e+00,0.000000000000000000e+00
1.499999999999999944e-02,-4.823427683183939133e-06,-6.466085832607063478e-04,1.806188377588745578e-02,8.169650561253126442e-02,-1.838055872314354675e-02,-1.244986857219635146e-01,1.791639549929979064e-02,6.214524655565283051e-02,0.000000000000000000e+00,0.000000000000000000e+00
1.750000000000000167e-02,-6.578123527885683134e-06,-7.573649497708769170e-04,1.828368601369732838e-02,9.577878643273748938e-02,-1.871858953828431024e-02,-1.459783986324781901e-01,1.808509613385307288e-02,7.283943614408405764e-02,0.000000000000000000e+00,0.000000000000000000e+00
2.000000000000000042e-02,-8.611424038148691125e-06,-8.695274672213455271e-04,1.854095846012979165e-02,1.100780046518638200e-01,-1.911073358500920555e-02,-1.677976084607503138e-01,1.828072308823682976e-02,8.369013983112599808e-02,0.000000000000000000e+00,0.000000000000000000e+00
2.249999999999999917e-02,-1.092710932669324237e-05,-9.833083987050195325e-04,1.883428362100100090e-02,1.246263640129982864e-01,-1.955790240320799331e-02,-1.900066682954564268e-01,1.850369654379071041e-02,9.472052439654084222e-02,0.000000000000000000e+00,0.000000000000000000e+00
2.500000000000000139e-02,-1.352949387947818922e-05,-1.098923041430507593e-03,1.916432508917811223e-02,1.394565398074767704e-01,-2.006113431460384774e-02,-2.126566650877134979e-01,1.875449498855086619e-02,1.059540745684155322e-01,0.000000000000000000e+00,0.000000000000000000e+00
2.750000000000000014e-02,-1.642343460073818106e-05,-1.216590093241774577e-03,1.953182879337912736e-02,1.546017346008431437e-01,-2.062159636585822464e-02,-2.357995060568858769e-01,1.903365605771184521e-02,1.174146292713613010e-01,0.000000000000000000e+00,0.000000000000000000e+00
2.999999999999999889e-02,-1.961433976401256426e-05,-1.336532010589509389e-03,1.993762438453552249e-02,1.700957325059648528e-01,-2.124058648484583589e-02,-2.594880027386464172e-01,1.934177746290817804e-02,1.291264163855347646e-01,0.000000000000000000e+00,0.000000000000000000e+00
3.250000000000000111e-02,-2.310817884539237649e-05,-1.458975355975190022e-03,2.038262675567916946e-02,1.859729516686886297e-01,-2.191953584355288420e-02,-2.837759521382856587e-01,1.967951800620933861e-02,1.411140857016928984e-01,0.000000000000000000e+00,0.000000000000000000e+00
3.500000000000000333e-02,-2.691149320981749691e-05,-1.584151132522552182e-03,2.086783769040389397e-02,2.022684945703294157e-01,-2.266001141959095300e-02,-3.087182143553753311e-01,2.004759867387090333e-02,1.534027397050308217e-01,0.000000000000000000e+00,0.000000000000000000e+00
3.749999999999999861e-02,-3.103140761487782661e-05,-1.712295102909602244e-03,2.139434763387685831e-02,2.190181956809204022e-01,-2.346371874659801057e-02,-3.343707859343417188e-01,2.044680380389273661e-02,1.660179617602114688e-01,0.000000000000000000e+00,0.000000000000000000e+00
4.000000000000000083e-02,-3.547564248906596600e-05,-1.843648089412365130e-03,2.196333757911136941e-02,2.362586659166457104e-01,-2.433250484177840872e-02,-3.607908680679287050e-01,2.087798232028191189e-02,1.789858412010672251e-01,0.000000000000000000e+00,0.000000000000000000e+00
4.250000000000000305e-02,-4.025252693263648796e-05,-1.978456251263879893e-03,2.257608105973414950e-02,2.540273332633149472e-01,-2.526836129647364385e-02,-3.880369286355041525e-01,2.134204902558086564e-02,1.923329947501880854e-01,0.000000000000000000e+00,0.000000000000000000e+00
4.499999999999999833e-02,-4.537101237897750525e-05,-2.116971334913115947e-03,2.323394623875799092e-02,2.723624788241915118e-01,-2.627342751290977912e-02,-4.161687568942325499e-01,2.183998594167609053e-02,2.060865836052570566e-01,0.000000000000000000e+00,0.000000000000000000e+00
4.750000000000000056e-02,-5.084068684250921973e-05,-2.259450892073152414e-03,2.393839808087366849e-02,2.913032674340322314e-01,-2.734999406708648120e-02,-4.452475094568811853e-01,2.237284368712321239e-02,2.202743254298158149e-01,0.000000000000000000e+00,0.000000000000000000e+00
5.000000000000000278e-02,-5.667178966539404160e-05,-2.406158459671183317e-03,2.469100059346979181e-02,3.108897718509784913e-01,-2.850050617410437859e-02,-4.753357459841162647e-01,2.294174287718254990e-02,2.349245003754702188e-01,0.000000000000000000e+00,0.000000000000000000e+00
5.249999999999999806e-02,-6.287522665956429683e-05,-2.557363694950446579e-03,2.549341911894061410e-02,3.311629893932116486e-01,-2.972756722801594975e-02,-5.064974527904521073e-01,2.354787553042600803e-02,2.500659501398129758e-01,0.000000000000000000e+00,0.000000000000000000e+00
5.500000000000000028e-02,-6.946258552252860814e-05,-2.713342458022992894e-03,2.634742265781247345e-02,3.521648497275026712e-01,-3.103394238347277276e-02,-5.387980523107271935e-01,2.419250646312040912e-02,2.657280689291715015e-01,0.000000000000000000e+00,0.000000000000000000e+00
5.750000000000000250e-02,-7.644615138488258192e-05,-2.874376833131063805e-03,2.725488619877176888e-02,3.739382123416929993e-01,-3.242256214096880806e-02,-5.723043960977639566e-01,2.487697464958319241e-02,2.819407850475714739e-01,0.000000000000000000e+00,0.000000000000000000e+00
5.999999999999999778e-02,-8.383892232419953773e-05,-3.040755078745020941e-03,2.821779302777267795e-02,3.965268520429110488e-01,-3.389652589128611115e-02,-6.070847387220749125e-01,2.560269452331230197e-02,2.987345316733053258e-01,0.000000000000000000e+00,0.000000000000000000e+00
6.250000000000000000e-02,-9.165462465379666532e-05,-3.212771495412026623e-03,2.923823698400453835e-02,4.199754306186997965e-01,-3.545910536777831246e-02,-6.432086896223854211e-01,2.637115718988349011e-02,3.161402052129995699e-01,0.000000000000000000e+00,0.000000000000000000e+00
6.500000000000000222e-02,-9.990772776556110300e-05,-3.390726198981438688e-03,3.031842462557220522e-02,4.443294525807281459e-01,-3.711374794732563709e-02,-6.807471396138859987e-01,2.718393151835796911e-02,3.341891094415477825e-01,0.000000000000000000e+00,0.000000000000000000e+00
6.750000000000000444e-02,-1.086134582734113913e-04,-3.574924785485498850e-03,3.146067726225898475e-02,4.696352026829087589e-01,-3.886407973211824379e-02,-7.197721584036401721e-01,2.804266507322903529e-02,3.529128834470785514e-01,0.000000000000000000e+00,0.000000000000000000e+00
7.000000000000000666e-02,-1.177878131679414999e-04,-3.765677872570503525e-03,3.266743280667909477e-02,4.959396626713585832e-01,-4.071390833484082178e-02,-7.603568590956715223e-01,2.894908484374290186e-02,3.723434112067421919e-01,0.000000000000000000e+00,0.000000000000000000e+00
7.249999999999999500e-02,-1.274475716532954346e-04,-3.963300500986818332e-03,3.394124738847540540e-02,5.232904044881424577e-01,-4.266722527932723108e-02,-8.025752253007142345e-01,2.990499772175179635e-02,3.925127104264197753e-01,0.000000000000000000e+00,0.000000000000000000e+00
7.499999999999999722e-02,-1.376103052943951030e-04,-4.168111378300282110e-03,3.528479666898430567e-02,5.517354569215444648e-01,-4.472820791734233303e-02,-8.465018961093981886e-01,3.091229067310612144e-02,4.134527980921062773e-01,0.000000000000000000e+00,0.000000000000000000e+00
7.749999999999999944e-02,-1.482943860564644794e-04,-4.380431945741286234e-03,3.670087678600042480e-02,5.813231424825183735e-01,-4.690122074987604361e-02,-8.922119038585326622e-01,3.197293054099573095e-02,4.351955300113919956e-01,0.000000000000000000e+00,0.000000000000000000e+00
8.000000000000000167e-02,-1.595189917696993379e-04,-4.600585248036495774e-03,3.819240484998522728e-02,6.121018811026308626e-01,-4.919081602829438599e-02,-9.397803593384661536e-01,3.308896341266182733e-02,4.577724114813268574e-01,0.000000000000000000e+00,0.000000000000000000e+00
8.250000000000000389e-02,-1.713041085004740388e-04,-4.828894585266511712e-03,3.976241890436583992e-02,6.441199571091668075e-01,-5.160173349703313372e-02,-9.892820788807914489e-01,3.426251347360510791e-02,4.812143761179909496e-01,0.000000000000000000e+00,0.000000000000000000e+00
8.500000000000000611e-02,-1.836705292574723292e-04,-5.065681925377464589e-03,4.141407725359989855e-02,6.774252458577925129e-01,-5.413889912546187427e-02,-1.040791147661422222e+00,3.549578126593680438e-02,5.055515298405141023e-01,0.000000000000000000e+00,0.000000000000000000e+00
8.750000000000000833e-02,-1.966398484077119216e-04,-5.311266056086230529e-03,4.315065705362815252e-02,7.120648964160485317e-01,-5.680742266239764693e-02,-1.094380413592280776e+00,3.679104126002773201e-02,5.308128570387895540e-01,0.000000000000000000e+00,0.000000000000000000e+00
8.999999999999999667e-02,-2.102344511251242427e-04,-5.565960455723710509e-03,4.497555205045361548e-02,7.480849668200781899e-01,-5.961259383291810099e-02,-1.150120906400359688e+00,3.815063864133427796e-02,5.570258860940953127e-01,0.000000000000000000e+00,0.000000000000000000e+00
9.249999999999999889e-02,-2.244774971451177963e-04,-5.830070864249719230e-03,4.689226934420476917e-02,7.855300087048767699e-01,-6.255987698414593179e-02,-1.208081176957485514e+00,3.957698520751198185e-02,5.842163116933402067e-01,0.000000000000000000e+00,0.000000000000000000e+00
9.500000000000000111e-02,-2.393928980548691858e-04,-6.103892538461276954e-03,4.890442504857737960e-02,8.244425985715168048e-01,-6.565490397521865640e-02,-1.268326552685818731e+00,4.107255426503488016e-02,6.124075718121330114e-01,0.000000000000000000e+00,0.000000000000000000e+00
9.750000000000000333e-02,-2.550052873139889409e-04,-6.387707179537034825e-03,5.101573870951716522e-02,8.648628136431054658e-01,-6.890346509754080584e-02,-1.330918305986191097e+00,4.263987440997150935e-02,6.416203778734594909e-01,0.000000000000000000e+00,0.000000000000000000e+00
1.000000000000000056e-01,-2.713399821773340367e-04,-6.681779526758170606e-03,5.323002634301905039e-02,9.068276512164612502e-01,-7.231149780562338980e-02,-1.395912734184907356e+00,4.428152207486349412e-02,6.718721974530166285e-01,0.000000000000000000e+00,0.000000000000000000e+00
1.025000000000000078e-01,-2.884229366853312791e-04,-6.986353618762064857e-03,5.555119195069736782e-02,9.503703916801983231e-01,-7.588507303749594812e-02,-1.463360151535134879e+00,4.600011272343607766e-02,7.031766900343009441e-01,0.000000000000000000e+00,0.000000000000000000e+00
1.049999999999999961e-01,-3.062806849020658631e-04,-7.301648733240178636e-03,5.798321737414528082e-02,9.955199069803322143e-01,-7.963037890813695618e-02,-1.533303796401367380e+00,4.779829057785199564e-02,7.355430977482730892e-01,0.000000000000000000e+00,0.000000000000000000e+00
1.074999999999999983e-01,-3.249402736229041900e-04,-7.627855027760917055e-03,6.053015035595835786e-02,1.042299918302375117e+00,-8.355370157105057594e-02,-1.605778659947261655e+00,4.967871677018309562e-02,7.689755947888430310e-01,0.000000000000000000e+00,0.000000000000000000e+00
1.100000000000000006e-01,-3.444291838472394529e-04,-7.965128918479807973e-03,6.319609068761546100e-02,1.090728209122034054e+00,-8.766140306355980905e-02,-1.680810246465057611e+00,5.164405582154972529e-02,8.034726012900029746e-01,0.000000000000000000e+00,0.000000000000000000e+00
1.125000000000000028e-01,-3.647752404238591151e-04,-8.313588249875479910e-03,6.598517434318146302e-02,1.140815802553537539e+00,-9.195989598215441319e-02,-1.758413279924173178e+00,5.369696036981094073e-02,8.390260698794532734e-01,0.000000000000000000e+00,0.000000000000000000e+00
1.150000000000000050e-01,-3.860065094319869278e-04,-8.673307327144306328e-03,6.890155552397603245e-02,1.192566115067011268e+00,-9.645561487683179669e-02,-1.838590376329652942e+00,5.584005409058678121e-02,8.756207558597003393e-01,0.000000000000000000e+00,0.000000000000000000e+00
1.175000000000000072e-01,-4.081511830651199640e-04,-9.044311903117789944e-03,7.194938657378351088e-02,1.245974102091190305e+00,-1.011549843091169437e-01,-1.921330706964448298e+00,5.807591278745982688e-02,9.132334849531351662e-01,0.000000000000000000e+00,0.000000000000000000e+00
1.199999999999999956e-01,-4.312374520409655368e-04,-9.426574232903727618e-03,7.513279576749573585e-02,1.301025414659698454e+00,-1.060643835883212371e-01,-2.006608683371637447e+00,6.040704366595020525e-02,9.518324356878414827e-01,0.000000000000000000e+00,0.000000000000000000e+00
1.224999999999999978e-01,-4.552933658707716737e-04,-9.820008330977469252e-03,7.845586302859161587e-02,1.357695589943882286e+00,-1.111901082850513395e-01,-2.094382700764245708e+00,6.283586285251152592e-02,9.913764566588213478e-01,0.000000000000000000e+00,0.000000000000000000e+00
1.250000000000000000e-01,-4.803466816841363697e-04,-1.022446558593862430e-02,8.192259369242549383e-02,1.415949302035926394e+00,-1.165383287197328255e-01,-2.184593982098192111e+00,6.536467127417985856e-02,1.031814441892578760e+00,0.000000000000000000e+00,0.000000000000000000e+00
1.275000000000000022e-01,-5.064247027165403410e-04,-1.063973090607438395e-02,8.553689050219619172e-02,1.475739702443779056e+00,-1.221150457357576269e-01,-2.277165569892373398e+00,6.799562907593802163e-02,1.073084790144654077e+00,0.000000000000000000e+00,0.000000000000000000e+00
1.300000000000000044e-01,-5.335541080177753828e-04,-1.106551958244472722e-02,8.930252410127167972e-02,1.537007882129930225e+00,-1.279260441894532196e-01,-2.372001516541812460e+00,7.073072882002906514e-02,1.115114975904370809e+00,0.000000000000000000e+00,0.000000000000000000e+00
1.325000000000000067e-01,-5.617607754168287438e-04,-1.150147506346273392e-02,9.322310236701625286e-02,1.599682488233757027e+00,-1.339768447187779654e-01,-2.468986325809594540e+00,7.357176778236285131e-02,1.157821260877741842e+00,0.000000000000000000e+00,0.000000000000000000e+00
1.350000000000000089e-01,-5.910696002643261483e-04,-1.194716783388175864e-02,9.730203901432114832e-02,1.663679528518299033e+00,-1.402726544844776491e-01,-2.567984697854484910e+00,7.652031973306684665e-02,1.201108574471873025e+00,0.000000000000000000e+00,0.000000000000000000e+00
1.375000000000000111e-01,-6.215043129441619489e-04,-1.240209557986631309e-02,1.015425219777490590e-01,1.728902394756932415e+00,-1.468183177050764177e-01,-2.668841627047338960e+00,7.957770665767505136e-02,1.244870590038690272e+00,0.000000000000000000e+00,0.000000000000000000e+00
1.400000000000000133e-01,-6.530872985740763820e-04,-1.286568479894176914e-02,1.059474821549142021e-01,1.795242132466499774e+00,-1.536182669230488074e-01,-2.771382895547836345e+00,8.274497093834659589e-02,1.288990020135764469e+00,0.000000000000000000e+00,0.000000000000000000e+00
1.425000000000000155e-01,-6.858394226703513463e-04,-1.333729397825261960e-02,1.105195631552579744e-01,1.862577978450832727e+00,-1.606764760355555155e-01,-2.875415995924130108e+00,8.602284856634542787e-02,1.333339148705743549e+00,0.000000000000000000e+00,0.000000000000000000e+00
1.449999999999999900e-01,-7.197798668031318023e-04,-1.381621841675998406e-02,1.152610927423765308e-01,1.930778179541941419e+00,-1.679964161906631892e-01,-2.980731503014089956e+00,8.941174399313603360e-02,1.377780610873744482e+00,0.000000000000000000e+00,0.000000000000000000e+00
1.474999999999999922e-01,-7.549259783862461923e-04,-1.430169670791986425e-02,1.201740566793654541e-01,1.999701095900851433e+00,-1.755810156808420286e-01,-3.087104899058888741e+00,9.291170724342276421e-02,1.422168422186917081e+00,0.000000000000000000e+00,0.000000000000000000e+00
1.499999999999999944e-01,-7.912931387032505872e-04,-1.479291883135936021e-02,1.252600756808430471e-01,2.069196580658403839e+00,-1.834326249527684360e-01,-3.194298837529951474e+00,9.652241390550206357e-02,1.466349248925168602e+00,0.000000000000000000e+00,0.000000000000000000e+00
1.524999999999999967e-01,-8.288946530516344124e-04,-1.528903572866510338e-02,1.305203861392140730e-01,2.139107615136806029e+00,-1.915529877910950585e-01,-3.302065810989764927e+00,1.002431485797368738e-01,1.510163900127929004e+00,0.000000000000000000e+00,0.000000000000000000e+00
1.549999999999999989e-01,-8.677416664817975923e-04,-1.578917016420517197e-02,1.359558252248838917e-01,2.209272166172378427e+00,-1.999432196217295066e-01,-3.410151168029692315e+00,1.040727923036556812e-01,1.553449010893117155e+00,0.000000000000000000e+00,0.000000000000000000e+00
1.575000000000000011e-01,-9.078431080210791438e-04,-1.629242860220839889e-02,1.415668208611839396e-01,2.279525220058387980e+00,-2.086037937185211411e-01,-3.518296405259271786e+00,1.080098143828334828e-01,1.596038876098536452e+00,0.000000000000000000e+00,0.000000000000000000e+00
1.600000000000000033e-01,-9.492056655239061161e-04,-1.679791377162360294e-02,1.473533869476973956e-01,2.349700937284669333e+00,-2.175345358910499849e-01,-3.626242643986850478e+00,1.120522689430613339e-01,1.637767384791627867e+00,0.000000000000000000e+00,0.000000000000000000e+00
1.625000000000000056e-01,-9.918337924085965460e-04,-1.730473754571268397e-02,1.533151240557533157e-01,2.419634864451165601e+00,-2.267346279890761762e-01,-3.733734189037700268e+00,1.161977963860841012e-01,1.678469998855066869e+00,0.000000000000000000e+00,0.000000000000000000e+00
1.650000000000000078e-01,-1.035729746572796196e-03,-1.781203373806889215e-02,1.594512256543940687e-01,2.489166135198892960e+00,-2.362026202929927432e-01,-3.840522060247031355e+00,1.204436297848635873e-01,1.717985715803639568e+00,0.000000000000000000e+00,0.000000000000000000e+00
1.675000000000000100e-01,-1.080893660774923581e-03,-1.831897041347444952e-02,1.657604897529279531e-01,2.558139591206067376e+00,-2.459364525835622262e-01,-3.946367386277371825e+00,1.247866061026705053e-01,1.756158955100134866e+00,0.000000000000000000e+00,0.000000000000000000e+00
1.700000000000000122e-01,-1.127323642784743788e-03,-1.882476133153171763e-02,1.722413356768667803e-01,2.626407757394652265e+00,-2.559334834137516057e-01,-4.051044555767115085e+00,1.292231819717487018e-01,1.792841310314565062e+00,0.000000000000000000e+00,0.000000000000000000e+00
1.725000000000000144e-01,-1.175015902698179618e-03,-1.932867618211362576e-02,1.788918255371858557e-01,2.693832612294763784e+00,-2.661905268559296989e-01,-4.154344032091487726e+00,1.337494536301735981e-01,1.827893115611382457e+00,0.000000000000000000e+00,0.000000000000000000e+00
1.750000000000000167e-01,-1.223964904030157936e-03,-1.983004933126410532e-02,1.857096898171101407e-01,2.760287104504787425e+00,-2.767038957828841239e-01,-4.256074754356212964e+00,1.383611804973788884e-01,1.861184783968437007e+00,0.000000000000000000e+00,0.000000000000000000e+00
1.774999999999999911e-01,-1.274163534585287093e-03,-2.032828686955690661e-02,1.926923563930613426e-01,2.825656378577269034e+00,-2.874694505721860360e-01,-4.356066067366094252e+00,1.430538117757155225e-01,1.892597885511358990e+00,0.000000000000000000e+00,0.000000000000000000e+00
1.799999999999999933e-01,-1.325603292686960673e-03,-2.082287183638663677e-02,1.998369822318195599e-01,2.889838687488846869e+00,-2.984826520079255086e-01,-4.454169145652395301e+00,1.478225154014463916e-01,1.922025946537445407e+00,0.000000000000000000e+00,0.000000000000000000e+00
1.824999999999999956e-01,-1.378274484133713666e-03,-2.131336757713300084e-02,2.071404869666580439e-01,2.952745983080767633e+00,-3.097386170952221573e-01,-4.550257899535597339e+00,1.526622086356627384e-01,1.949374962296622549e+00,0.000000000000000000e+00,0.000000000000000000e+00
1.849999999999999978e-01,-1.432166425244923384e-03,-2.179941926979101288e-02,2.145995875509368045e-01,3.014304189489573460e+00,-3.212321765005383689e-01,-4.644229373048131215e+00,1.575675895833890949e-01,1.974563628526036396e+00,0.000000000000000000e+00,0.000000000000000000e+00
1.875000000000000000e-01,-1.487267647540269251e-03,-2.228075372851156394e-02,2.222108332157933797e-01,3.074453176767590890e+00,-3.329579323803009694e-01,-4.736003662976787432e+00,1.625331689552487469e-01,1.997523307355266065e+00,0.000000000000000000e+00,0.000000000000000000e+00
1.900000000000000022e-01,-1.543566099941759851e-03,-2.275717764980175056e-02,2.299706400146541152e-01,3.133146461970122143e+00,-3.449103154542745853e-01,-4.825523404277862305e+00,1.675533014364768702e-01,2.018197751951198438e+00,0.000000000000000000e+00,0.000000000000000000e+00
1.925000000000000044e-01,-1.601049344859070776e-03,-2.322857451060002937e-02,2.378753243154909935e-01,3.190350672556965250e+00,-3.570836403090505429e-01,-4.912752879039331333e+00,1.726222160976475239e-01,2.036542620811571780e+00,0.000000000000000000e+00,0.000000000000000000e+00
1.950000000000000067e-01,-1.659704745079980913e-03,-2.369490035524614291e-02,2.459211346955610111e-01,3.246044811866811930e+00,-3.694721580703710928e-01,-4.997676813786821270e+00,1.777340453644924434e-01,2.052524816819442766e+00,0.000000000000000000e+00,0.000000000000000000e+00
1.975000000000000089e-01,-1.719519638999079860e-03,-2.415617872101265620e-02,2.541042817961844391e-01,3.300219368747653537e+00,-3.820701057501577069e-01,-5.080298933390809957e+00,1.828828521548469255e-01,2.066121688109966659e+00,0.000000000000000000e+00,0.000000000000000000e+00
2.000000000000000111e-01,-1.780481502343511614e-03,-2.461249495091396428e-02,2.624209658007674029e-01,3.352875313420090819e+00,-3.948717517451315051e-01,-5.160640339558495882e+00,1.880626548836584477e-01,2.077320127706129504e+00,0.000000000000000000e+00,0.000000000000000000e+00
2.025000000000000133e-01,-1.842578095163069146e-03,-2.506399013024809830e-02,2.708674013023831817e-01,3.404023019695489705e+00,-4.078714371302183395e-01,-5.238737778512553511e+00,1.932674501274622703e-01,2.086115607090428536e+00,0.000000000000000000e+00,0.000000000000000000e+00
2.050000000000000155e-01,-1.905797593418482845e-03,-2.551085486243373501e-02,2.794398394234791638e-01,3.453681150218307128e+00,-4.210636125446590716e-01,-5.314641856704750644e+00,1.984912328240129309e-01,2.092511175792308720e+00,0.000000000000000000e+00,0.000000000000000000e+00
2.075000000000000178e-01,-1.970128705008143254e-03,-2.595332307294014040e-02,2.881345871365125211e-01,3.501875536919407672e+00,-4.344428706069126678e-01,-5.388415256042482504e+00,2.037280139581358063e-01,2.096516455096573139e+00,0.000000000000000000e+00,0.000000000000000000e+00
2.099999999999999922e-01,-2.035560770508373311e-03,-2.639166600006924088e-02,2.969480238085280832e-01,3.548638083797031495e+00,-4.480039739129137999e-01,-5.460130991833347380e+00,2.089718357495983503e-01,2.098146649502439676e+00,0.000000000000000000e+00,0.000000000000000000e+00
2.124999999999999944e-01,-2.102083849260456480e-03,-2.682618650030037938e-02,3.058766150539000694e-01,3.594005713871334606e+00,-4.617418787695671267e-01,-5.529870748097938105e+00,2.142167844120788645e-01,2.097421594923450261e+00,0.000000000000000000e+00,0.000000000000000000e+00
2.149999999999999967e-01,-2.169688791718794602e-03,-2.725721376568062196e-02,3.149169240275784820e-01,3.638019377001536991e+00,-4.756517548914781512e-01,-5.597723316566169949e+00,2.194570005940768287e-01,2.094364858087994996e+00,0.000000000000000000e+00,0.000000000000000000e+00
2.174999999999999989e-01,-2.238367299182648928e-03,-2.768509852270079064e-02,3.240656203268006963e-01,3.680723130447357772e+00,-4.897290013448791779e-01,-5.663783157931510104e+00,2.246866876434043536e-01,2.089002897382460144e+00,0.000000000000000000e+00,0.000000000000000000e+00
2.200000000000000011e-01,-2.308111972175633676e-03,-2.811020875715319889e-02,3.333194866934438005e-01,3.722163299757681454e+00,-5.039692590603295219e-01,-5.728149097040469151e+00,2.299001178576892956e-01,2.081364291610656281e+00,0.000000000000000000e+00,0.000000000000000000e+00
2.225000000000000033e-01,-2.378916348820920082e-03,-2.853292598813441522e-02,3.426754237233946010e-01,3.762387723870134426e+00,-5.183684202573572986e-01,-5.790923157781585395e+00,2.350916368953384072e-01,2.071479039901349406e+00,0.000000000000000000e+00,0.000000000000000000e+00
2.250000000000000056e-01,-2.450774934595304107e-03,-2.895364209681764237e-02,3.521304527950602781e-01,3.801445085239599564e+00,-5.329226351323071986e-01,-5.852209538557969104e+00,2.402556665260133784e-01,2.059377933308306652e+00,0.000000000000000000e+00,0.000000000000000000e+00
2.275000000000000078e-01,-2.523683224841329672e-03,-2.937275670180261936e-02,3.616817174280084757e-01,3.839384323372095675e+00,-5.476283161578267000e-01,-5.912113725359464667e+00,2.453867058982450722e-01,2.045091996504174503e+00,0.000000000000000000e+00,0.000000000000000000e+00
2.300000000000000100e-01,-2.597637721382552948e-03,-2.979067506250502803e-02,3.713264832762281920e-01,3.876254128282107914e+00,-5.624821403311210943e-01,-5.970741736524359133e+00,2.504793314956683670e-01,2.028651996333780794e+00,0.000000000000000000e+00,0.000000000000000000e+00
2.325000000000000122e-01,-2.672635944531039347e-03,-3.020780648480676442e-02,3.810621369500267197e-01,3.912102509055722432e+00,-5.774810496905611323e-01,-6.028199491194790482e+00,2.555281959437091244e-01,2.010088012809974511e+00,0.000000000000000000e+00,0.000000000000000000e+00
2.350000000000000144e-01,-2.748676441705526132e-03,-3.062456319862954732e-02,3.908861838473420280e-01,3.946976431817542874e+00,-5.926222503983959999e-01,-6.084592292106774103e+00,2.605280258164465179e-01,1.989429067342851409e+00,0.000000000000000000e+00,0.000000000000000000e+00
2.375000000000000167e-01,-2.825758793799513363e-03,-3.104135967477666957e-02,4.007962451602896103e-01,3.980921520891860688e+00,-6.079032106628599053e-01,-6.140024412592689274e+00,2.654736185797066383e-01,1.966702802525422955e+00,0.000000000000000000e+00,0.000000000000000000e+00
2.399999999999999911e-01,-2.903883620355957908e-03,-3.145861234788555755e-02,4.107900542069290450e-01,4.013981816745461728e+00,-6.233216577472152631e-01,-6.194598777392588573e+00,2.703598387919431967e-01,1.941935207591676926e+00,0.000000000000000000e+00,0.000000000000000000e+00
2.424999999999999933e-01,-2.983052584523230525e-03,-3.187673971325601791e-02,4.208654522222041727e-01,4.046199584333865396e+00,-6.388755742873134524e-01,-6.248416726961572465e+00,2.751816136697087800e-01,1.915150383657676647e+00,0.000000000000000000e+00,0.000000000000000000e+00
2.449999999999999956e-01,-3.063268398688730534e-03,-3.229616276732091840e-02,4.310203837262987503e-01,4.077615165685453569e+00,-6.545631941138799759e-01,-6.301577855327065159e+00,2.799339281099501586e-01,1.886370343000675076e+00,0.000000000000000000e+00,0.000000000000000000e+00
2.474999999999999978e-01,-3.144534831614310445e-03,-3.271730576431462062e-02,4.412528915736401158e-01,4.108266870898206413e+00,-6.703829977515356475e-01,-6.354179912109510830e+00,2.846118192472932851e-01,1.855614836880499441e+00,0.000000000000000000e+00,0.000000000000000000e+00
2.500000000000000000e-01,-3.226856717833129478e-03,-3.314059726502881914e-02,4.515611117717377998e-01,4.138190902149665895e+00,-6.863337077439315426e-01,-6.406318760004082513e+00,2.892103706111288086e-01,1.822901206724583778e+00,0.000000000000000000e+00,0.000000000000000000e+00
2.525000000000000022e-01,-3.310239970011833854e-03,-3.356647145723441750e-02,4.619432681461349555e-01,4.167421305798719722e+00,-7.024142839335534294e-01,-6.458088379774189924e+00,2.937247059348021549e-01,1.788244253853046750e+00,0.000000000000000000e+00,0.000000000000000000e+00
2.550000000000000044e-01,-3.394691594935745661e-03,-3.399536973124429873e-02,4.723976669160747655e-01,4.195989948161773064e+00,-7.186239188058495264e-01,-6.509580915586433925e+00,2.981499826576132217e-01,1.751656123289697664e+00,0.000000000000000000e+00,0.000000000000000000e+00
2.575000000000000067e-01,-3.480219713738417001e-03,-3.442774249808831788e-02,4.829226912350775280e-01,4.223926511056506961e+00,-7.349620329903788774e-01,-6.560886754288139500e+00,3.024813851496552797e-01,1.713146197571039142e+00,0.000000000000000000e+00,0.000000000000000000e+00
2.600000000000000089e-01,-3.566833586970606391e-03,-3.486405124179296072e-02,4.935167957414903772e-01,4.251258503709990144e+00,-7.514282709966123575e-01,-6.612094632968305241e+00,3.067141176797457680e-01,1.672720996815263872e+00,0.000000000000000000e+00,0.000000000000000000e+00
2.625000000000000111e-01,-3.654543645087473570e-03,-3.530477080125647704e-02,5.041785011561763508e-01,4.278011288115497024e+00,-7.680224972487476043e-01,-6.663291769833327827e+00,3.108433971377669303e-01,1.630384081637925364e+00,0.000000000000000000e+00,0.000000000000000000e+00
2.650000000000000133e-01,-3.743361524926467048e-03,-3.575039188115956834e-02,5.149063889578078257e-01,4.304208115388905576e+00,-7.847447924722752433e-01,-6.714564014058366226e+00,3.148644455145763743e-01,1.586135955794628849e+00,0.000000000000000000e+00,0.000000000000000000e+00
2.675000000000000155e-01,-3.833300112751850380e-03,-3.620142379524207005e-02,5.256990961606673451e-01,4.329870171119150513e+00,-8.015954504749041032e-01,-6.765996010835914731e+00,3.187724821351791138e-01,1.539973965690504265e+00,0.000000000000000000e+00,0.000000000000000000e+00
2.700000000000000178e-01,-3.924373594454944568e-03,-3.665839744911013331e-02,5.365553102153739484e-01,4.355016628128452361e+00,-8.185749753556307295e-01,-6.817671378330308229e+00,3.225627156339897494e-01,1.491892194120144621e+00,0.000000000000000000e+00,0.000000000000000000e+00
2.725000000000000200e-01,-4.016597513521817306e-03,-3.712186857352701985e-02,5.474737640494998780e-01,4.379664705459636487e+00,-8.356840791680389957e-01,-6.869672893657652324e+00,3.262303356546658595e-01,1.441881345790428925e+00,0.000000000000000000e+00,0.000000000000000000e+00
2.750000000000000222e-01,-4.109988837412237826e-03,-3.759242122289924160e-02,5.584532312625704042e-01,4.403829732794058316e+00,-8.529236800571488031e-01,-6.922082685343273312e+00,3.297705042510748474e-01,1.389928622333699515e+00,0.000000000000000000e+00,0.000000000000000000e+00
2.775000000000000244e-01,-4.204566033035178618e-03,-3.807067155741573894e-02,5.694925214884202225e-01,4.427525219880169338e+00,-8.702949008830934696e-01,-6.974982429961813502e+00,3.331783469603871728e-01,1.336017584642628764e+00,0.000000000000000000e+00,0.000000000000000000e+00
2.800000000000000266e-01,-4.300349152056967030e-03,-3.855727193104660500e-02,5.805904759372971791e-01,4.450762930926464023e+00,-8.877990683394019200e-01,-7.028453550836814223e+00,3.364489435139912943e-01,1.280128000454080262e+00,0.000000000000000000e+00,0.000000000000000000e+00
2.825000000000000289e-01,-4.397359926838419371e-03,-3.905291531137054795e-02,5.917459631304605727e-01,4.473552964291472200e+00,-9.054377125684812677e-01,-7.082577416764477718e+00,3.395773181468396684e-01,1.222235675181480463e+00,0.000000000000000000e+00,0.000000000000000000e+00
2.850000000000000311e-01,-4.495621877866919774e-03,-3.955834006097915662e-02,6.029578748413388922e-01,4.495903838196768199e+00,-9.232125672718248799e-01,-7.137435538726330186e+00,3.425584294609037572e-01,1.162312264048571242e+00,0.000000000000000000e+00,0.000000000000000000e+00
2.875000000000000333e-01,-4.595160433628515950e-03,-4.007433511399130510e-02,6.142251222596450955e-01,4.517822583607001619e+00,-9.411255703072871626e-01,-7.193109762461965317e+00,3.453871597936000737e-01,1.100325063617831223e+00,0.000000000000000000e+00,0.000000000000000000e+00
2.899999999999999800e-01,-4.696003063953649477e-03,-4.060174558497457731e-02,6.255466323982650234e-01,4.539314845875424886e+00,-9.591788647602227380e-01,-7.249682454577771828e+00,3.480583040373272374e-01,1.036236780841424565e+00,0.000000000000000000e+00,0.000000000000000000e+00
2.924999999999999822e-01,-4.798179427968017434e-03,-4.114147885126094584e-02,6.369213447673501838e-01,4.560384997257538764e+00,-9.773748004691158453e-01,-7.307236679559718340e+00,3.505665578516176661e-01,9.700052777999013109e-01,0.000000000000000000e+00,0.000000000000000000e+00
2.949999999999999845e-01,-4.901721537886985329e-03,-4.169451115317619055e-02,6.483482083459980450e-01,4.581036262964278016e+00,-9.957159359792324693e-01,-7.365856364623470931e+00,3.529065052048807050e-01,9.015832903446829860e-01,0.000000000000000000e+00,0.000000000000000000e+00
2.974999999999999867e-01,-5.006663940007413660e-03,-4.226189475994915346e-02,6.598261788893752255e-01,4.601270864076704825e+00,-1.014205040889467169e+00,-7.425626448755239473e+00,3.550726051783436588e-01,8.309181189378940235e-01,0.000000000000000000e+00,0.000000000000000000e+00
2.999999999999999889e-01,-5.113043914373753204e-03,-4.284476575184280323e-02,6.713542166183618098e-01,4.621090181395882013e+00,-1.032845098547543916e+00,-7.486633011548846639e+00,3.570591779606708260e-01,7.579512901040453832e-01,0.000000000000000000e+00,0.000000000000000000e+00
3.024999999999999911e-01,-5.220901694724380468e-03,-4.344435247109321163e-02,6.829312843500431329e-01,4.640494945176521391e+00,-1.051639309036607628e+00,-7.548963376500512190e+00,3.588603899579934642e-01,6.826181870935770224e-01,0.000000000000000000e+00,0.000000000000000000e+00
