time_s,x_m,v_m_s,theta_rad,omega_rad_s,controller_force_N,disturbance_N
0.000000000000000000e+00,0.000000000000000000e+00,0.000000000000000000e+00,8.726646259971647390e-02,0.000000000000000000e+00,0.000000000000000000e+00,0.000000000000000000e+00
5.000000000000000104e-03,-2.656344863299799358e-06,-1.062501900698222587e-03,8.729313110281283761e-02,1.066776294149465731e-02,0.000000000000000000e+00,0.000000000000000000e+00
1.000000000000000021e-02,-1.062518210566572737e-05,-2.125101639543582055e-03,8.737314922551991936e-02,2.134092375731915653e-02,0.000000000000000000e+00,0.000000000000000000e+00
1.499999999999999944e-02,-2.390857112308756590e-05,-3.188427302696344307e-03,8.750656009775342747e-02,3.202593934521517222e-02,0.000000000000000000e+00,0.000000000000000000e+00
2.000000000000000042e-02,-4.251171202161527901e-05,-4.253107131640981864e-03,8.769343914707342091e-02,4.272927245594047158e-02,0.000000000000000000e+00,0.000000000000000000e+00
2.500000000000000139e-02,-6.644294704723147430e-05,-5.319769784259777146e-03,8.793389413680965938e-02,5.345739523724541559e-02,0.000000000000000000e+00,0.000000000000000000e+00
2.999999999999999889e-02,-9.571376331726720566e-05,-6.389044594292031358e-03,8.822806522190496104e-02,6.421679277708834677e-02,0.000000000000000000e+00,0.000000000000000000e+00
3.500000000000000333e-02,-1.303387968440122943e-04,-7.461561828666171507e-03,8.857612502247252939e-02,7.501396664602785758e-02,0.000000000000000000e+00,0.000000000000000000e+00
4.000000000000000083e-02,-1.703358378385747517e-04,-8.537952942178144225e-03,8.897827871506305830e-02,8.585543843868739811e-02,0.000000000000000000e+00,0.000000000000000000e+00
4.499999999999999833e-02,-2.157258372803681919e-04,-9.618850828971754058e-03,8.943476414163652188e-02,9.674775331413365542e-02,0.000000000000000000e+00,0.000000000000000000e+00
5.000000000000000278e-02,-2.665329147348317060e-04,-1.070489007025501003e-02,8.994585193623262642e-02,1.076974835349442938e-01,0.000000000000000000e+00,0.000000000000000000e+00
5.500000000000000028e-02,-3.227843673990950387e-04,-1.179670717766094501e-02,9.051184566933277720e-02,1.187112320046626035e-01,0.000000000000000000e+00,0.000000000000000000e+00
5.999999999999999778e-02,-3.845106803522718242e-04,-1.289494083163169637e-02,9.113308200990442864e-02,1.297956358032461843e-01,0.000000000000000000e+00,0.000000000000000000e+00
6.500000000000000222e-02,-4.517455379838739536e-04,-1.400023211417072283e-02,9.180993090511670174e-02,1.409573697200135201e-01,0.000000000000000000e+00,0.000000000000000000e+00
7.000000000000000666e-02,-5.245258365704715030e-04,-1.511322473526974415e-02,9.254279577771322429e-02,1.522031497834751834e-01,0.000000000000000000e+00,0.000000000000000000e+00
7.499999999999999722e-02,-6.028916979671500439e-04,-1.623456525227412808e-02,9.333211374102479141e-02,1.635397367873062946e-01,0.000000000000000000e+00,0.000000000000000000e+00
8.000000000000000167e-02,-6.868864843765183290e-04,-1.736490328140291237e-02,9.417835583160043267e-02,1.749739398115709443e-01,0.000000000000000000e+00,0.000000000000000000e+00
8.500000000000000611e-02,-7.765568141539719652e-04,-1.850489170058707347e-02,9.508202725943058764e-02,1.865126197381494488e-01,0.000000000000000000e+00,0.000000000000000000e+00
8.999999999999999667e-02,-8.719525786035945639e-04,-1.965518684273201769e-02,9.604366767573041530e-02,1.981626927591424725e-01,0.000000000000000000e+00,0.000000000000000000e+00
9.500000000000000111e-02,-9.731269597144514031e-04,-2.081644867844711227e-02,9.706385145824461547e-02,2.099311338768336532e-01,0.000000000000000000e+00,0.000000000000000000e+00
1.000000000000000056e-01,-1.080136448782076592e-03,-2.198934098721633604e-02,9.814318801402768799e-02,2.218249803935810616e-01,0.000000000000000000e+00,0.000000000000000000e+00
1.049999999999999961e-01,-1.193040865854638668e-03,-2.317453151590934124e-02,9.928232209964456267e-02,2.338513353897795632e-01,0.000000000000000000e+00,0.000000000000000000e+00
1.100000000000000006e-01,-1.311903379937569801e-03,-2.437269212345120548e-02,1.004819341587269294e-01,2.460173711877873814e-01,0.000000000000000000e+00,0.000000000000000000e+00
1.150000000000000050e-01,-1.436790529884314016e-03,-2.558449891038155552e-02,1.017427406768092596e-01,2.583303327994416754e-01,0.000000000000000000e+00,0.000000000000000000e+00
1.199999999999999956e-01,-1.567772245894275039e-03,-2.681063233193918538e-02,1.030654945533557715e-01,2.707975413544972954e-01,0.000000000000000000e+00,0.000000000000000000e+00
1.250000000000000000e-01,-1.704921871531968206e-03,-2.805177729320636887e-02,1.044509854908759194e-01,2.834263975070107633e-01,0.000000000000000000e+00,0.000000000000000000e+00
1.300000000000000044e-01,-1.848316186173786261e-03,-2.930862322473765449e-02,1.059000404010096708e-01,2.962243848163543247e-01,0.000000000000000000e+00,0.000000000000000000e+00
1.350000000000000089e-01,-1.998035427780619089e-03,-3.058186413698011155e-02,1.074135238274469967e-01,3.091990730991829306e-01,0.000000000000000000e+00,0.000000000000000000e+00
1.400000000000000133e-01,-2.154163315885790787e-03,-3.187219865166600330e-02,1.089923383855260913e-01,3.223581217482902050e-01,0.000000000000000000e+00,0.000000000000000000e+00
1.449999999999999900e-01,-2.316787074678349281e-03,-3.318033000822361717e-02,1.106374252183338763e-01,3.357092830138719286e-01,0.000000000000000000e+00,0.000000000000000000e+00
1.499999999999999944e-01,-2.485997456051614648e-03,-3.450696604310756616e-02,1.123497644691087011e-01,3.492604052422724203e-01,0.000000000000000000e+00,0.000000000000000000e+00
1.549999999999999989e-01,-2.661888762476017495e-03,-3.585281913979534302e-02,1.141303757697193222e-01,3.630194360668125286e-01,0.000000000000000000e+00,0.000000000000000000e+00
1.600000000000000033e-01,-2.844558869543584341e-03,-3.721860614703223491e-02,1.159803187449660183e-01,3.769944255447915116e-01,0.000000000000000000e+00,0.000000000000000000e+00
1.650000000000000078e-01,-3.034109248018902836e-03,-3.860504826273099960e-02,1.179006935324188460e-01,3.911935292342137993e-01,0.000000000000000000e+00,0.000000000000000000e+00
1.700000000000000122e-01,-3.230644985217969670e-03,-4.001287088074566289e-02,1.198926413174743327e-01,4.056250112032164790e-01,0.000000000000000000e+00,0.000000000000000000e+00
1.750000000000000167e-01,-3.434274805521931023e-03,-4.144280339753995263e-02,1.219573448832752538e-01,4.202972469645606668e-01,0.000000000000000000e+00,0.000000000000000000e+00
1.799999999999999933e-01,-3.645111089817296753e-03,-4.289557897555951876e-02,1.240960291750984462e-01,4.352187263269010065e-01,0.000000000000000000e+00,0.000000000000000000e+00
1.849999999999999978e-01,-3.863269893637710610e-03,-4.437193425989292145e-02,1.263099618787723311e-01,4.503980561538576954e-01,0.000000000000000000e+00,0.000000000000000000e+00
1.900000000000000022e-01,-4.088870963764690974e-03,-4.587260904456873234e-02,1.286004540126393092e-01,4.658439630211866356e-01,0.000000000000000000e+00,0.000000000000000000e+00
1.950000000000000067e-01,-4.322037753025864681e-03,-4.739834588458462922e-02,1.309688605325274591e-01,4.815652957615709773e-01,0.000000000000000000e+00,0.000000000000000000e+00
2.000000000000000111e-01,-4.562897433009050277e-03,-4.894988964949850002e-02,1.334165809491420496e-01,4.975710278857439772e-01,0.000000000000000000e+00,0.000000000000000000e+00
2.050000000000000155e-01,-4.811580904388984906e-03,-5.052798701413090121e-02,1.359450599572282758e-01,5.138702598677937772e-01,0.000000000000000000e+00,0.000000000000000000e+00
2.099999999999999922e-01,-5.068222804540523443e-03,-5.213338588163250742e-02,1.385557880757940230e-01,5.304722212815986548e-01,0.000000000000000000e+00,0.000000000000000000e+00
2.149999999999999967e-01,-5.332961512087616013e-03,-5.376683473385874407e-02,1.412503022986136281e-01,5.473862727743916690e-01,0.000000000000000000e+00,0.000000000000000000e+00
2.200000000000000011e-01,-5.605939148011273264e-03,-5.542908190366678534e-02,1.440301867541613490e-01,5.646219078624604704e-01,0.000000000000000000e+00,0.000000000000000000e+00
2.250000000000000056e-01,-5.887301572911971502e-03,-5.712087476340693692e-02,1.468970733740453394e-01,5.821887545329476055e-01,0.000000000000000000e+00,0.000000000000000000e+00
2.300000000000000100e-01,-6.177198379992389181e-03,-5.884295882352129359e-02,1.498526425689306052e-01,6.000965766346313401e-01,0.000000000000000000e+00,0.000000000000000000e+00
2.350000000000000144e-01,-6.475782883295027638e-03,-6.059607673478716039e-02,1.528986239108504341e-01,6.183552750394375463e-01,0.000000000000000000e+00,0.000000000000000000e+00
2.399999999999999911e-01,-6.783212100695962254e-03,-6.238096718735171298e-02,1.560367968207120315e-01,6.369748885552614093e-01,0.000000000000000000e+00,0.000000000000000000e+00
2.449999999999999956e-01,-7.099646731120706766e-03,-6.419836369929729503e-02,1.592689912597018143e-01,6.559655945694619072e-01,0.000000000000000000e+00,0.000000000000000000e+00
2.500000000000000000e-01,-7.425251125410817915e-03,-6.604899328705494954e-02,1.625970884231895119e-01,6.753377094011409065e-01,0.000000000000000000e+00,0.000000000000000000e+00
2.550000000000000044e-01,-7.760193250230364506e-03,-6.793357500954703976e-02,1.660230214356176182e-01,6.951016883390320755e-01,0.000000000000000000e+00,0.000000000000000000e+00
2.600000000000000089e-01,-8.104644644359676117e-03,-6.985281837749009182e-02,1.695487760447436099e-01,7.152681253405054340e-01,0.000000000000000000e+00,0.000000000000000000e+00
2.650000000000000133e-01,-8.458780366679789775e-03,-7.180742161882629204e-02,1.731763913134763411e-01,7.358477523658512043e-01,0.000000000000000000e+00,0.000000000000000000e+00
2.700000000000000178e-01,-8.822778935104672385e-03,-7.379806979077901952e-02,1.769079603074157070e-01,7.568514383206456086e-01,0.000000000000000000e+00,0.000000000000000000e+00
2.750000000000000222e-01,-9.196822255669581322e-03,-7.582543272854570804e-02,1.807456307760652026e-01,7.782901875776279121e-01,0.000000000000000000e+00,0.000000000000000000e+00
2.800000000000000266e-01,-9.581095540932758198e-03,-7.789016282015207016e-02,1.846916058255404502e-01,8.001751380481454401e-01,0.000000000000000000e+00,0.000000000000000000e+00
2.850000000000000311e-01,-9.975787216794044371e-03,-7.999289259649919326e-02,1.887481445804439217e-01,8.225175587718601689e-01,0.000000000000000000e+00,0.000000000000000000e+00
2.899999999999999800e-01,-1.038108881677794401e-02,-8.213423212514091298e-02,1.929175628324161784e-01,8.453288469920667847e-01,0.000000000000000000e+00,0.000000000000000000e+00
2.949999999999999845e-01,-1.079719486277009796e-02,-8.431476619583833099e-02,1.972022336727072001e-01,8.686205246826723680e-01,0.000000000000000000e+00,0.000000000000000000e+00
2.999999999999999889e-01,-1.122430273113515439e-02,-8.653505128545420366e-02,2.016045881059387590e-01,8.924042344916343072e-01,0.000000000000000000e+00,0.000000000000000000e+00
3.049999999999999933e-01,-1.166261250308067536e-02,-8.879561228927906891e-02,2.061271156420494410e-01,9.166917350644798734e-01,0.000000000000000000e+00,0.000000000000000000e+00
3.099999999999999978e-01,-1.211232679806599835e-02,-9.109693900542695233e-02,2.107723648632297830e-01,9.414948957104489757e-01,0.000000000000000000e+00,0.000000000000000000e+00
3.150000000000000022e-01,-1.257365058898710780e-02,-9.343948235850957351e-02,2.155429439624647336e-01,9.668256903728431606e-01,0.000000000000000000e+00,0.000000000000000000e+00
3.200000000000000067e-01,-1.304679099779859630e-02,-9.582365034840061024e-02,2.204415212501068810e-01,9.926961908643492372e-01,0.000000000000000000e+00,0.000000000000000000e+00
3.250000000000000111e-01,-1.353195707016192906e-02,-9.824980370954386477e-02,2.254708256247056619e-01,1.019118559327476081e+00,0.000000000000000000e+00,0.000000000000000000e+00
3.300000000000000155e-01,-1.402935952763571976e-02,-1.007182512659512003e-01,2.306336470041178144e-01,1.046105039879820398e+00,0.000000000000000000e+00,0.000000000000000000e+00
3.350000000000000200e-01,-1.453921049584880505e-02,-1.032292449667867873e-01,2.359328367127217774e-01,1.073667949403709576e+00,0.000000000000000000e+00,0.000000000000000000e+00
3.400000000000000244e-01,-1.506172320702088910e-02,-1.057829745872562871e-01,2.413713078203574003e-01,1.101819667439892125e+00,0.000000000000000000e+00,0.000000000000000000e+00
3.450000000000000289e-01,-1.559711167511886910e-02,-1.083795620794240910e-01,2.469520354284107655e-01,1.130572625145410903e+00,0.000000000000000000e+00,0.000000000000000000e+00
3.500000000000000333e-01,-1.614559034186002079e-02,-1.110190555575832766e-01,2.526780568982674446e-01,1.159939293276637695e+00,0.000000000000000000e+00,0.000000000000000000e+00
3.549999999999999822e-01,-1.670737369169657607e-02,-1.137014229029156970e-01,2.585524720171649693e-01,1.189932169159741315e+00,0.000000000000000000e+00,0.000000000000000000e+00
3.599999999999999867e-01,-1.728267583384046971e-02,-1.164265449724197210e-01,2.645784430962906386e-01,1.220563762612646208e+00,0.000000000000000000e+00,0.000000000000000000e+00
3.649999999999999911e-01,-1.787171004931277507e-02,-1.191942083974675964e-01,2.707591949957975919e-01,1.251846580784882201e+00,0.000000000000000000e+00,0.000000000000000000e+00
3.699999999999999956e-01,-1.847468830093053002e-02,-1.220040979579013751e-01,2.770980150712500367e-01,1.283793111884694582e+00,0.000000000000000000e+00,0.000000000000000000e+00
3.750000000000000000e-01,-1.909182070407485290e-02,-1.248557885183052968e-01,2.835982530358653886e-01,1.316415807766438739e+00,0.000000000000000000e+00,0.000000000000000000e+00
3.800000000000000044e-01,-1.972331495601974821e-02,-1.277487365140235198e-01,2.902633207327958709e-01,1.349727065355701416e+00,0.000000000000000000e+00,0.000000000000000000e+00
3.850000000000000089e-01,-2.036937572154159590e-02,-1.306822709756461642e-01,2.970966918115927058e-01,1.383739206894840201e+00,0.000000000000000000e+00,0.000000000000000000e+00
3.900000000000000133e-01,-2.103020397247632248e-02,-1.336555840820855268e-01,3.041019013029246931e-01,1.418464458997785727e+00,0.000000000000000000e+00,0.000000000000000000e+00
3.950000000000000178e-01,-2.170599627884595845e-02,-1.366677212340300374e-01,3.112825450855836729e-01,1.453914930510084691e+00,0.000000000000000000e+00,0.000000000000000000e+00
4.000000000000000222e-01,-2.239694404913989204e-02,-1.397175706415184626e-01,3.186422792398100889e-01,1.490102589178350811e+00,0.000000000000000000e+00,0.000000000000000000e+00
4.050000000000000266e-01,-2.310323271731047623e-02,-1.428038524216423411e-01,3.261848192810156144e-01,1.527039237142594708e+00,0.000000000000000000e+00,0.000000000000000000e+00
4.100000000000000311e-01,-2.382504087402897638e-02,-1.459251072049824460e-01,3.339139392680717799e-01,1.564736485275404210e+00,0.000000000000000000e+00,0.000000000000000000e+00
4.150000000000000355e-01,-2.456253933974809900e-02,-1.490796842523350318e-01,3.418334707804838168e-01,1.603205726403689413e+00,0.000000000000000000e+00,0.000000000000000000e+00
4.199999999999999845e-01,-2.531589017713329476e-02,-1.522657290866039070e-01,3.499473017589779800e-01,1.642458107461756134e+00,0.000000000000000000e+00,0.000000000000000000e+00
4.249999999999999889e-01,-2.608524564045849523e-02,-1.554811706484405254e-01,3.582593752043110591e-01,1.682504500638856593e+00,0.000000000000000000e+00,0.000000000000000000e+00
4.299999999999999933e-01,-2.687074705961491408e-02,-1.587237079883199731e-01,3.667736877294648368e-01,1.723355473600122867e+00,0.000000000000000000e+00,0.000000000000000000e+00
4.349999999999999978e-01,-2.767252365645618203e-02,-1.619907965122533988e-01,3.754942879608247353e-01,1.765021258876926957e+00,0.000000000000000000e+00,0.000000000000000000e+00
4.400000000000000022e-01,-2.849069129130113454e-02,-1.652796338032616885e-01,3.844252747844688622e-01,1.807511722541212951e+00,0.000000000000000000e+00,0.000000000000000000e+00
4.450000000000000067e-01,-2.932535113753939604e-02,-1.685871450460695031e-01,3.935707954343136694e-01,1.850836332298190445e+00,0.000000000000000000e+00,0.000000000000000000e+00
4.500000000000000111e-01,-3.017658828243640137e-02,-1.719099680882129055e-01,4.029350434195890784e-01,1.895004125152893293e+00,0.000000000000000000e+00,0.000000000000000000e+00
4.550000000000000155e-01,-3.104447025241555483e-02,-1.752444381768734072e-01,4.125222562899460987e-01,1.940023674828407874e+00,0.000000000000000000e+00,0.000000000000000000e+00
4.600000000000000200e-01,-3.192904546130787696e-02,-1.785865724172288893e-01,4.223367132374491462e-01,1.985903059136930882e+00,0.000000000000000000e+00,0.000000000000000000e+00
4.650000000000000244e-01,-3.283034158030531668e-02,-1.819320540049137458e-01,4.323827325357700313e-01,2.032649827529060538e+00,0.000000000000000000e+00,0.000000000000000000e+00
4.700000000000000289e-01,-3.374836382863440759e-02,-1.852762162922598765e-01,4.426646688180903566e-01,2.080270969071659426e+00,0.000000000000000000e+00,0.000000000000000000e+00
4.750000000000000333e-01,-3.468309318428360738e-02,-1.886140267552893213e-01,4.531869101965336766e-01,2.128772881129976202e+00,0.000000000000000000e+00,0.000000000000000000e+00
4.799999999999999822e-01,-3.563448451447090437e-02,-1.919400709358778379e-01,4.639538752273908440e-01,2.178161339055211698e+00,0.000000000000000000e+00,0.000000000000000000e+00
4.849999999999999867e-01,-3.660246462592933042e-02,-1.952485364410241064e-01,4.749700097279719868e-01,2.228441467203971627e+00,0.000000000000000000e+00,0.000000000000000000e+00
4.899999999999999911e-01,-3.758693023551631235e-02,-1.985331970886435315e-01,4.862397834526117624e-01,2.279617711640700151e+00,0.000000000000000000e+00,0.000000000000000000e+00
4.949999999999999956e-01,-3.858774586211841107e-02,-2.017873972966508223e-01,4.977676866371700815e-01,2.331693814897756845e+00,0.000000000000000000e+00,0.000000000000000000e+00
5.000000000000000000e-01,-3.960474164132458952e-02,-2.050040368191769213e-01,5.095582264232993985e-01,2.384672793189813511e+00,0.000000000000000000e+00,0.000000000000000000e+00
5.050000000000000044e-01,-4.063771106487735346e-02,-2.081755559404507849e-01,5.216159231757838688e-01,2.438556916499137639e+00,0.000000000000000000e+00,0.000000000000000000e+00
5.100000000000000089e-01,-4.168640864747936298e-02,-2.112939212430181013e-01,5.339453067083824722e-01,2.493347691965535073e+00,0.000000000000000000e+00,0.000000000000000000e+00
5.150000000000000133e-01,-4.275054752413033621e-02,-2.143506120724131825e-01,5.465509124358141069e-01,2.549045851028632015e+00,0.000000000000000000e+00,0.000000000000000000e+00
5.200000000000000178e-01,-4.382979698179161054e-02,-2.173366078249873434e-01,5.594372774717869534e-01,2.605651340780136049e+00,0.000000000000000000e+00,0.000000000000000000e+00
5.250000000000000222e-01,-4.492377992981853169e-02,-2.202423761891620368e-01,5.726089366952775705e-01,2.663163319989098277e+00,0.000000000000000000e+00,0.000000000000000000e+00
5.300000000000000266e-01,-4.603207031425871759e-02,-2.230578624727556358e-01,5.860704188095855471e-01,2.721580160263350479e+00,0.000000000000000000e+00,0.000000000000000000e+00
5.350000000000000311e-01,-4.715419048178060707e-02,-2.257724801500695655e-01,5.998262424209901411e-01,2.780899452804594052e+00,0.000000000000000000e+00,0.000000000000000000e+00
5.400000000000000355e-01,-4.828960849966478647e-02,-2.283751027619651541e-01,6.138809121660980805e-01,2.841118021202474253e+00,0.000000000000000000e+00,0.000000000000000000e+00
5.450000000000000400e-01,-4.943773543895200323e-02,-2.308540573000830154e-01,6.282389149191520694e-01,2.902231940693856149e+00,0.000000000000000000e+00,0.000000000000000000e+00
5.500000000000000444e-01,-5.059792262848901434e-02,-2.331971192025407702e-01,6.429047161126379972e-01,2.964236564286962139e+00,0.000000000000000000e+00,0.000000000000000000e+00
5.550000000000000488e-01,-5.176945888823657888e-02,-2.353915090828080092e-01,6.578827562064443191e-01,3.027126556115662837e+00,0.000000000000000000e+00,0.000000000000000000e+00
5.600000000000000533e-01,-5.295156775079449402e-02,-2.374238913059493195e-01,6.731774473425505834e-01,3.090895932346791497e+00,0.000000000000000000e+00,0.000000000000000000e+00
5.650000000000000577e-01,-5.414340468064683665e-02,-2.392803745170368757e-01,6.887931702237145570e-01,3.155538109912742417e+00,0.000000000000000000e+00,0.000000000000000000e+00
5.700000000000000622e-01,-5.534405430112718238e-02,-2.409465142153002504e-01,7.047342712558432032e-01,3.221045963282840319e+00,0.000000000000000000e+00,0.000000000000000000e+00
5.750000000000000666e-01,-5.655252763953975970e-02,-2.424073174545898213e-01,7.210050599946385974e-01,3.287411889420221556e+00,0.000000000000000000e+00,0.000000000000000000e+00
5.799999999999999600e-01,-5.776775940123939773e-02,-2.436472497361271417e-01,7.376098069376587629e-01,3.354627880996595479e+00,0.000000000000000000e+00,0.000000000000000000e+00
5.849999999999999645e-01,-5.898860528376353302e-02,-2.446502441435058350e-01,7.545527417030963857e-01,3.422685607855789680e+00,0.000000000000000000e+00,0.000000000000000000e+00
5.899999999999999689e-01,-6.021383934231691604e-02,-2.453997127527572097e-01,7.718380516363145816e-01,3.491576506629088694e+00,0.000000000000000000e+00,0.000000000000000000e+00
5.949999999999999734e-01,-6.144215141802910479e-02,-2.458785603323391522e-01,7.894698808844612392e-01,3.561291878311949155e+00,0.000000000000000000e+00,0.000000000000000000e+00
5.999999999999999778e-01,-6.267214464043321942e-02,-2.460692003295397723e-01,8.074523299782918606e-01,3.631822993513658115e+00,0.000000000000000000e+00,0.000000000000000000e+00
6.049999999999999822e-01,-6.390233301555107992e-02,-2.459535731214672338e-01,8.257894559586311800e-01,3.703161204990017996e+00,0.000000000000000000e+00,0.000000000000000000e+00
6.099999999999999867e-01,-6.513113911081580554e-02,-2.455131664910381595e-01,8.444852730826994947e-01,3.775298066965383281e+00,0.000000000000000000e+00,0.000000000000000000e+00
6.149999999999999911e-01,-6.635689184782306294e-02,-2.447290382717484114e-01,8.635437541427976038e-01,3.848225460645520180e+00,0.000000000000000000e+00,0.000000000000000000e+00
6.199999999999999956e-01,-6.757782441358271830e-02,-2.435818410901256503e-01,8.829688324265898558e-01,3.921935725218055779e+00,0.000000000000000000e+00,0.000000000000000000e+00
6.250000000000000000e-01,-6.879207230055509048e-02,-2.420518491222737045e-01,9.027644043444484900e-01,3.996421793533819322e+00,0.000000000000000000e+00,0.000000000000000000e+00
6.300000000000000044e-01,-6.999767148531284289e-02,-2.401189867715096127e-01,9.229343327450371115e-01,4.071677331561168955e+00,0.000000000000000000e+00,0.000000000000000000e+00
6.350000000000000089e-01,-7.119255675518892934e-02,-2.377628591684651793e-01,9.434824509355212996e-01,4.147696880607226966e+00,0.000000000000000000e+00,0.000000000000000000e+00
6.400000000000000133e-01,-7.237456019177290756e-02,-2.349627843938934257e-01,9.644125674175294538e-01,4.224476001205327513e+00,0.000000000000000000e+00,0.000000000000000000e+00
6.450000000000000178e-01,-7.354140981962707657e-02,-2.316978273285069390e-01,9.857284713442521218e-01,4.302011417477117128e+00,0.000000000000000000e+00,0.000000000000000000e+00
6.500000000000000222e-01,-7.469072842813799518e-02,-2.279468350441964941e-01,1.007433938697891884e+00,4.380301160690337703e+00,0.000000000000000000e+00,0.000000000000000000e+00
6.550000000000000266e-01,-7.582003257402937513e-02,-2.236884736676502394e-01,1.029532739180067491e+00,4.459344710648750265e+00,0.000000000000000000e+00,0.000000000000000000e+00
6.600000000000000311e-01,-7.692673177177435095e-02,-2.189012666714185706e-01,1.052028643800752672e+00,4.539143133467528735e+00,0.000000000000000000e+00,0.000000000000000000e+00
