time_s,x_m,v_m_s,theta1_rad,omega1_rad_s,theta2_rad,omega2_rad_s,force_N,push_N
0.000000000000000000e+00,0.000000000000000000e+00,0.000000000000000000e+00,5.235987755982988989e-02,0.000000000000000000e+00,5.235987755982988989e-02,0.000000000000000000e+00,0.000000000000000000e+00,0.000000000000000000e+00
2.500000000000000052e-03,-4.002590002484573530e-07,-3.202019413582048125e-04,5.236789442530769001e-02,6.413732974399098848e-03,5.235987723282323897e-02,-5.232038388004752245e-07,0.000000000000000000e+00,0.000000000000000000e+00
5.000000000000000104e-03,-1.601023795434003404e-06,-6.404207886839365701e-04,5.239194889739565153e-02,1.283067326903808425e-02,5.235987232726516810e-02,-4.186382625026425975e-06,0.000000000000000000e+00,0.000000000000000000e+00
7.499999999999999722e-03,-3.602457803969262505e-06,-9.607534722325303776e-04,5.243205340523813401e-02,1.925435017710086516e-02,5.235985106539477879e-02,-1.413256952874347090e-05,0.000000000000000000e+00,0.000000000000000000e+00
1.000000000000000021e-02,-6.404966846313241141e-06,-1.281296991569562914e-03,5.248822920695480482e-02,2.568829802828781830e-02,5.235979380472619710e-02,-3.351104542420299851e-05,0.000000000000000000e+00,0.000000000000000000e+00
1.250000000000000069e-02,-1.000919937963100164e-05,-1.602148464682553357e-03,5.256050640555304243e-02,3.213605884640237387e-02,5.235967301842202326e-02,-6.548054566539218734e-05,0.000000000000000000e+00,0.000000000000000000e+00
1.499999999999999944e-02,-1.441604685527276997e-05,-1.923405177127534855e-03,5.264892397149043002e-02,3.860118501218883641e-02,5.235945326764186725e-02,-1.132124736008861148e-04,0.000000000000000000e+00,0.000000000000000000e+00
1.750000000000000167e-02,-1.962664419917989898e-05,-2.245164631226609191e-03,5.275352977190284065e-02,4.508724193323448981e-02,5.235909116584629847e-02,-1.798941231231528906e-04,0.000000000000000000e+00,0.000000000000000000e+00
2.000000000000000042e-02,-2.564237041536481651e-05,-2.567524595332156684e-03,5.287438060651797334e-02,5.159781072274188807e-02,5.235853533503075086e-02,-2.687319125371378397e-04,0.000000000000000000e+00,0.000000000000000000e+00
2.249999999999999917e-02,-3.246484931265063032e-05,-2.890583153172818134e-03,5.301154225027876477e-02,5.813649088896780115e-02,5.235772635385823465e-02,-3.829546320196296856e-04,0.000000000000000000e+00,0.000000000000000000e+00
2.500000000000000139e-02,-4.009595035489303574e-05,-3.214438753295687564e-03,5.316508950270563277e-02,6.470690303711398861e-02,5.235659669765405783e-02,-5.258167069245882255e-04,0.000000000000000000e+00,0.000000000000000000e+00
2.750000000000000014e-02,-4.853778963494223097e-05,-3.539190258618345707e-03,5.333510624403082351e-02,7.131269158544099873e-02,5.235507067022014682e-02,-7.006014791698815308e-04,0.000000000000000000e+00,0.000000000000000000e+00
2.999999999999999889e-02,-5.779273097263559566e-05,-3.864936996103437820e-03,5.352168549814265847e-02,7.795752749736001297e-02,5.235306432742098393e-02,-9.106245089176075603e-04,0.000000000000000000e+00,0.000000000000000000e+00
3.250000000000000111e-02,-6.786338713714219230e-05,-4.191778806567411989e-03,5.372492950238180742e-02,8.464511103123842362e-02,5.235048539248773197e-02,-1.159236898732830031e-03,0.000000000000000000e+00,0.000000000000000000e+00
3.500000000000000333e-02,-7.875262119400776653e-05,-4.519816094633819295e-03,5.394494978423598069e-02,9.137917450963255195e-02,5.234723316298157264e-02,-1.449828642374010332e-03,0.000000000000000000e+00,0.000000000000000000e+00
3.749999999999999861e-02,-9.046354797727328958e-05,-4.849149878840186903e-03,5.418186724498378487e-02,9.816348510963555929e-02,5.234319840935209439e-02,-1.785832000332019352e-03,0.000000000000000000e+00,0.000000000000000000e+00
4.000000000000000083e-02,-1.029995356870605950e-04,-5.179881841905935487e-03,5.443581225034253152e-02,1.050018476759987246e-01,5.233826326502122317e-02,-2.170724904192948123e-03,0.000000000000000000e+00,0.000000000000000000e+00
4.250000000000000305e-02,-1.163642076130352426e-04,-5.512114381167073848e-03,5.470692472817904883e-02,1.118981075586510110e-01,5.233230110791810968e-02,-2.608034391852486183e-03,0.000000000000000000e+00,0.000000000000000000e+00
4.499999999999999833e-02,-1.305614439841688054e-04,-5.845950659181487104e-03,5.499535427334641124e-02,1.188561534762034438e-01,5.232517643338534252e-02,-3.101340075555738488e-03,0.000000000000000000e+00,0.000000000000000000e+00
4.750000000000000056e-02,-1.455953839452296043e-04,-6.181494654506501131e-03,5.530126025971356107e-02,1.258799204069815658e-01,5.231674471837202689e-02,-3.654277644675324455e-03,0.000000000000000000e+00,0.000000000000000000e+00
5.000000000000000278e-02,-1.614704276604323331e-04,-6.518851212648061472e-03,5.562481195945845336e-02,1.329733925090800517e-01,5.230685227682459193e-02,-4.270542405071677157e-03,0.000000000000000000e+00,0.000000000000000000e+00
5.249999999999999806e-02,-1.781912385446719055e-04,-6.858126097178262812e-03,5.596618866969912953e-02,1.401406060708782486e-01,5.229533610618157524e-02,-4.953892856801870442e-03,0.000000000000000000e+00,0.000000000000000000e+00
5.500000000000000028e-02,-1.957627456227555821e-04,-7.199426041015115872e-03,5.632557984654061600e-02,1.473856524933931100e-01,5.228202372487449762e-02,-5.708154311855948189e-03,0.000000000000000000e+00,0.000000000000000000e+00
5.750000000000000250e-02,-2.141901460170281203e-04,-7.542858797855309973e-03,5.670318524661882575e-02,1.547126813057758121e-01,5.226673300073265277e-02,-6.537222553501849040e-03,0.000000000000000000e+00,0.000000000000000000e+00
5.999999999999999778e-02,-2.334789075637571005e-04,-7.888533193747285233e-03,5.709921507622596482e-02,1.621259032151796398e-01,5.224927197018602171e-02,-7.445067538710175084e-03,0.000000000000000000e+00,0.000000000000000000e+00
6.250000000000000000e-02,-2.536347715586096774e-04,-8.236559178788169233e-03,5.751389014810475570e-02,1.696295931921386335e-01,5.222943864815681597e-02,-8.435737145007310422e-03,0.000000000000000000e+00,0.000000000000000000e+00
6.500000000000000222e-02,-2.746637556315054693e-04,-8.587047878924013861e-03,5.794744204600155851e-02,1.772280935924976930e-01,5.220702082852711479e-02,-9.513360962968214068e-03,0.000000000000000000e+00,0.000000000000000000e+00
6.750000000000000444e-02,-2.965721567510737019e-04,-8.940111647828267311e-03,5.840011329707105181e-02,1.849258173168248365e-01,5.218179587506707739e-02,-1.068215413540713095e-02,0.000000000000000000e+00,0.000000000000000000e+00
7.000000000000000666e-02,-3.193665543588734943e-04,-9.295864118828486150e-03,5.887215755222708485e-02,1.927272510081131929e-01,5.215353050270585961e-02,-1.194642124415405508e-02,0.000000000000000000e+00,0.000000000000000000e+00
7.249999999999999500e-02,-3.430538136334549456e-04,-9.654420256845942447e-03,5.936383977453640881e-02,2.006369582884434399e-01,5.212198054902537209e-02,-1.331056024511493782e-02,0.000000000000000000e+00,0.000000000000000000e+00
7.499999999999999722e-02,-3.676410888842433756e-04,-1.001589641030692021e-02,5.987543643575329866e-02,2.086595830351245517e-01,5.208689073585550527e-02,-1.477906645210276190e-02,0.000000000000000000e+00,0.000000000000000000e+00
7.749999999999999944e-02,-3.931358270751171839e-04,-1.038041036297810034e-02,6.040723572109426426e-02,2.167998526966619099e-01,5.204799442084850902e-02,-1.635653656969247513e-02,0.000000000000000000e+00,0.000000000000000000e+00
8.000000000000000167e-02,-4.195457714774234034e-04,-1.074808138567151516e-02,6.095953774235265271e-02,2.250625816487127895e-01,5.200501333890993755e-02,-1.804767277509303908e-02,0.000000000000000000e+00,0.000000000000000000e+00
8.250000000000000389e-02,-4.468789654520288692e-04,-1.111903028775696606e-02,6.153265475945308982e-02,2.334526745899811739e-01,5.195765733336391717e-02,-1.985728684874203329e-02,0.000000000000000000e+00,0.000000000000000000e+00
8.500000000000000611e-02,-4.751437563598391546e-04,-1.149337946841156623e-02,6.212691141054534072e-02,2.419751299777722631e-01,5.190562407673163237e-02,-2.179030435300995799e-02,0.000000000000000000e+00,0.000000000000000000e+00
8.750000000000000833e-02,-5.043487996000314269e-04,-1.187125296752714575e-02,6.274264495073607339e-02,2.506350435026710177e-01,5.184859878100388925e-02,-2.385176885804902655e-02,0.000000000000000000e+00,0.000000000000000000e+00
8.999999999999999667e-02,-5.345030627750362289e-04,-1.225277651618651709e-02,6.338020549955540595e-02,2.594376116015265077e-01,5.178625389729146072e-02,-2.604684621343234668e-02,0.000000000000000000e+00,0.000000000000000000e+00
9.249999999999999889e-02,-5.656158299810688968e-04,-1.263807758660904362e-02,6.403995629725268979e-02,2.683881350076104400e-01,5.171824880474094194e-02,-2.838082886380004916e-02,0.000000000000000000e+00,0.000000000000000000e+00
9.500000000000000111e-02,-5.976967062227466149e-04,-1.302728544145448884e-02,6.472227397001259486e-02,2.774920223364743532e-01,5.164422948860875745e-02,-3.085914020625542958e-02,0.000000000000000000e+00,0.000000000000000000e+00
9.750000000000000333e-02,-6.307556219500361650e-04,-1.342053118236169289e-02,6.542754880417862851e-02,2.867547937056488250e-01,5.156382820739233153e-02,-3.348733898673281889e-02,0.000000000000000000e+00,0.000000000000000000e+00
1.000000000000000056e-01,-6.648028377154503211e-04,-1.381794779758514259e-02,6.615618502956585600e-02,2.961820843859093166e-01,5.147666314892506562e-02,-3.627112373198466966e-02,0.000000000000000000e+00,0.000000000000000000e+00
1.025000000000000078e-01,-6.998489489490523517e-04,-1.421967020857788436e-02,6.690860111193842885e-02,3.057796484813729010e-01,5.138233807535087794e-02,-3.921633721320429145e-02,0.000000000000000000e+00,0.000000000000000000e+00
1.049999999999999961e-01,-7.359048908484274766e-04,-1.462583531535340681e-02,6.768523005472013021e-02,3.155533626351825771e-01,5.128044195690496798e-02,-4.232897093660692445e-02,0.000000000000000000e+00,0.000000000000000000e+00
1.074999999999999983e-01,-7.729819433803428695e-04,-1.503658204044198629e-02,6.848651970999712624e-02,3.255092297569803228e-01,5.117054859443997961e-02,-4.561516965553052277e-02,0.000000000000000000e+00,0.000000000000000000e+00
1.100000000000000006e-01,-8.110917363903320711e-04,-1.545205137123847189e-02,6.931293309886221721e-02,3.356533827677579129e-01,5.105221623065146763e-02,-4.908123589778230766e-02,0.000000000000000000e+00,0.000000000000000000e+00
1.125000000000000028e-01,-8.502462548159079887e-04,-1.587238640051845395e-02,7.016494874113761437e-02,3.459920883570061223e-01,5.092498714997335807e-02,-5.273363450104200795e-02,0.000000000000000000e+00,0.000000000000000000e+00
1.150000000000000050e-01,-8.904578439985239447e-04,-1.629773236487810223e-02,7.104306099450007073e-02,3.565317507463481861e-01,5.078838726713318097e-02,-5.657899714813037495e-02,0.000000000000000000e+00,0.000000000000000000e+00
1.175000000000000072e-01,-9.317392150887632112e-04,-1.672823668082965010e-02,7.194778040301637312e-02,3.672789154530416988e-01,5.064192570437893448e-02,-6.062412689285522766e-02,0.000000000000000000e+00,0.000000000000000000e+00
1.199999999999999956e-01,-9.741034505385327315e-04,-1.716404897825923523e-02,7.287963405507968950e-02,3.782402730458540030e-01,5.048509435741384277e-02,-6.487600266594879816e-02,0.000000000000000000e+00,0.000000000000000000e+00
1.224999999999999978e-01,-1.017564009673274867e-03,-1.760532113092672796e-02,7.383916595071740585e-02,3.894226628848581062e-01,5.031736745010332440e-02,-6.934178374930147215e-02,0.000000000000000000e+00,0.000000000000000000e+00
1.250000000000000000e-01,-1.062134734336369658e-03,-1.805220728365783747e-02,7.482693737821854985e-02,4.008330768356493934e-01,5.013820107804961568e-02,-7.402881420526910561e-02,0.000000000000000000e+00,0.000000000000000000e+00
1.275000000000000022e-01,-1.107829854596988507e-03,-1.850486387584741529e-02,7.584352730000384901e-02,4.124786629473422561e-01,4.994703274116451402e-02,-7.894462724627479555e-02,0.000000000000000000e+00,0.000000000000000000e+00
1.300000000000000044e-01,-1.154663994511667680e-03,-1.896344966085892689e-02,7.688953274763322965e-02,4.243667290824632565e-01,4.974328086540969612e-02,-8.409694952823107417e-02,0.000000000000000000e+00,0.000000000000000000e+00
1.325000000000000067e-01,-1.202652177928784354e-03,-1.942812572086882739e-02,7.796556922581431015e-02,4.365047464855056902e-01,4.952634431391762099e-02,-8.949370534946486655e-02,0.000000000000000000e+00,0.000000000000000000e+00
1.350000000000000089e-01,-1.251809834323942177e-03,-1.989905547666550450e-02,7.907227112524044255e-02,4.489003532754404224e-01,4.929560188775416324e-02,-9.514302073482411304e-02,0.000000000000000000e+00,0.000000000000000000e+00
1.375000000000000111e-01,-1.302152804652999176e-03,-2.037640469187072464e-02,8.021029214404819252e-02,4.615613578458840349e-01,4.905041181663770400e-02,-1.010532273824697597e-01,0.000000000000000000e+00,0.000000000000000000e+00
1.400000000000000133e-01,-1.353697347208080272e-03,-2.086034147100678318e-02,8.138030571764118259e-02,4.744957421548944287e-01,4.879011123998851229e-02,-1.072328664484989841e-01,0.000000000000000000e+00,0.000000000000000000e+00
1.425000000000000155e-01,-1.406460143460420194e-03,-2.135103625078477868e-02,8.258300545657995539e-02,4.877116648844922464e-01,4.851401567874755183e-02,-1.136906921419912619e-01,0.000000000000000000e+00,0.000000000000000000e+00
1.449999999999999900e-01,-1.460458303872255031e-03,-2.184866178393835012e-02,8.381910559218519463e-02,5.012174644479800989e-01,4.822141849847576267e-02,-1.204356751003067549e-01,0.000000000000000000e+00,0.000000000000000000e+00
1.474999999999999922e-01,-1.515709373658224871e-03,-2.235339311487294714e-02,8.508934142944407641e-02,5.150216618209447761e-01,4.791159036432400542e-02,-1.274770055114820555e-01,0.000000000000000000e+00,0.000000000000000000e+00
1.499999999999999944e-01,-1.572231338474856322e-03,-2.286540754634274961e-02,8.639446980674643506e-02,5.291329631694676738e-01,4.758377868855064030e-02,-1.348240959473502587e-01,0.000000000000000000e+00,0.000000000000000000e+00
1.524999999999999967e-01,-1.630042630014641534e-03,-2.338488459630596802e-02,8.773526956190802473e-02,5.435602622465285361e-01,4.723720707135908858e-02,-1.424865838675449248e-01,0.000000000000000000e+00,0.000000000000000000e+00
1.549999999999999989e-01,-1.689162131479034819e-03,-2.391200594404409990e-02,8.911254200386224678e-02,5.583126425248567948e-01,4.687107473593168233e-02,-1.504743337508198942e-01,0.000000000000000000e+00,0.000000000000000000e+00
1.575000000000000011e-01,-1.749609182902310328e-03,-2.444695536456184537e-02,9.052711138931876511e-02,5.733993790315554673e-01,4.648455595865023937e-02,-1.587974388061147990e-01,0.000000000000000000e+00,0.000000000000000000e+00
1.600000000000000033e-01,-1.811403586295676996e-03,-2.498991865021169684e-02,9.197982540359686543e-02,5.888299398466828594e-01,4.607679949561779148e-02,-1.674662222115081700e-01,0.000000000000000000e+00,0.000000000000000000e+00
1.625000000000000056e-01,-1.874565610578316117e-03,-2.554108351841071975e-02,9.347155564474268763e-02,6.046139872246247826e-01,4.564692800673142425e-02,-1.764912378246139835e-01,0.000000000000000000e+00,0.000000000000000000e+00
1.650000000000000078e-01,-1.939115996259069968e-03,-2.610063950423675838e-02,9.500319810993217151e-02,6.207613782935131885e-01,4.519403747870313209e-02,-1.858832703030843247e-01,0.000000000000000000e+00,0.000000000000000000e+00
1.675000000000000100e-01,-2.005075959829378997e-03,-2.666877783660736786e-02,9.657567368304489919e-02,6.372821652841422768e-01,4.471719664858556098e-02,-1.956533345686713721e-01,0.000000000000000000e+00,0.000000000000000000e+00
1.700000000000000122e-01,-2.072467197824713354e-03,-2.724569129665720471e-02,9.818992862216784079e-02,6.541865952357982517e-01,4.421544642953263021e-02,-2.058126745427700244e-01,0.000000000000000000e+00,0.000000000000000000e+00
1.725000000000000144e-01,-2.141311890508166681e-03,-2.783157405683883007e-02,9.984693504565100852e-02,6.714851091221482049e-01,4.368779934071247151e-02,-2.163727610755044883e-01,0.000000000000000000e+00,0.000000000000000000e+00
1.750000000000000167e-01,-2.211632705126084526e-03,-2.842662149917795505e-02,1.015476914151894755e-01,6.891883403358336491e-01,4.313323894349271187e-02,-2.273452889842388358e-01,0.000000000000000000e+00,0.000000000000000000e+00
1.774999999999999911e-01,-2.283452798681547598e-03,-2.903103001101772426e-02,1.032932230142469543e-01,7.073071124656848951e-01,4.255071928623638949e-02,-2.387421731108853584e-01,0.000000000000000000e+00,0.000000000000000000e+00
1.799999999999999933e-01,-2.356795820167250158e-03,-2.964499675648801791e-02,1.050845824199647116e-01,7.258524362955239839e-01,4.193916436028184008e-02,-2.505755433005660837e-01,0.000000000000000000e+00,0.000000000000000000e+00
1.824999999999999956e-01,-2.431685912194777449e-03,-3.026871942183571168e-02,1.069228499665156734e-01,7.448355059483701135e-01,4.129746756993244589e-02,-2.628577381970665372e-01,0.000000000000000000e+00,0.000000000000000000e+00
1.849999999999999978e-01,-2.508147711952498325e-03,-3.090239593265124013e-02,1.088091341976664822e-01,7.642676940945197783e-01,4.062449121955255538e-02,-2.756012977431299138e-01,0.000000000000000000e+00,0.000000000000000000e+00
1.875000000000000000e-01,-2.586206351419254555e-03,-3.154622414092644878e-02,1.107445723060994230e-01,7.841605461364700158e-01,3.991906602115537217e-02,-2.888189542660033471e-01,0.000000000000000000e+00,0.000000000000000000e+00
1.900000000000000022e-01,-2.665887456755739598e-03,-3.220040147978000394e-02,1.127303305568218700e-01,8.045257732780195514e-01,3.917999062617733702e-02,-3.025236220208100679e-01,0.000000000000000000e+00,0.000000000000000000e+00
1.925000000000000044e-01,-2.747217146789931053e-03,-3.286512458359077543e-02,1.147676046917518317e-01,8.253752443791637639e-01,3.840603118546199318e-02,-3.167283850563311631e-01,0.000000000000000000e+00,0.000000000000000000e+00
1.950000000000000067e-01,-2.830222030507177806e-03,-3.354058887118860355e-02,1.168576203123150026e-01,8.467209764926414417e-01,3.759592094182502564e-02,-3.314464832597059374e-01,0.000000000000000000e+00,0.000000000000000000e+00
1.975000000000000089e-01,-2.914929203449557246e-03,-3.422698808966701672e-02,1.190016332366215096e-01,8.685751239722669936e-01,3.674835985994094611e-02,-3.466912964284809551e-01,0.000000000000000000e+00,0.000000000000000000e+00
2.000000000000000111e-01,-3.001366242922933608e-03,-3.492451381630700541e-02,1.212009298275084079e-01,8.909499660375570507e-01,3.586201429868082768e-02,-3.624763262104543360e-01,0.000000000000000000e+00,0.000000000000000000e+00
2.025000000000000133e-01,-3.089561201903785574e-03,-3.563335491603640548e-02,1.234568272874387446e-01,9.138578926737374042e-01,3.493551673143922842e-02,-3.788151757439877643e-01,0.000000000000000000e+00,0.000000000000000000e+00
2.050000000000000155e-01,-3.179542601531373802e-03,-3.635369695179978267e-02,1.257706739159391018e-01,9.373113887410959855e-01,3.396746552041599726e-02,-3.957215268240389383e-01,0.000000000000000000e+00,0.000000000000000000e+00
2.075000000000000178e-01,-3.271339422064204611e-03,-3.708572154518149228e-02,1.281438493249364430e-01,9.613230161629614523e-01,3.295642475126443760e-02,-4.132091144122613247e-01,0.000000000000000000e+00,0.000000000000000000e+00
2.099999999999999922e-01,-3.364981092173087267e-03,-3.782960568461424256e-02,1.305777646070231390e-01,9.859053940574789010e-01,3.190092413497919166e-02,-4.312916983033188156e-01,0.000000000000000000e+00,0.000000000000000000e+00
2.124999999999999944e-01,-3.460497476436429250e-03,-3.858552097852091523e-02,1.330738624513375934e-01,1.011071176674995353e+00,3.079945898437377871e-02,-4.499830317542885538e-01,0.000000000000000000e+00,0.000000000000000000e+00
2.149999999999999967e-01,-3.557918860896830578e-03,-3.935363285078351259e-02,1.356336172013989372e-01,1.036833029000451267e+00,2.965049027298588546e-02,-4.692968268799299625e-01,0.000000000000000000e+00,0.000000000000000000e+00
2.174999999999999989e-01,-3.657275936531618078e-03,-4.013409967601509060e-02,1.382585348488813426e-01,1.063203599878919547e+00,2.845244478474516850e-02,-4.892467166139628509e-01,0.000000000000000000e+00,0.000000000000000000e+00
2.200000000000000011e-01,-3.758599780483797437e-03,-4.092707185223409816e-02,1.409501529569582301e-01,1.090195492522577636e+00,2.720371536323947653e-02,-5.098462130356470334e-01,0.000000000000000000e+00,0.000000000000000000e+00
2.225000000000000033e-01,-3.861921834894099965e-03,-4.173269080871210013e-02,1.437100405064948572e-01,1.117821232259233133e+00,2.590266126991602053e-02,-5.311086618622454791e-01,0.000000000000000000e+00,0.000000000000000000e+00
2.250000000000000056e-01,-3.967273883169501400e-03,-4.255108794699160452e-02,1.465397976580217199e-01,1.146093231386325240e+00,2.454760866104838124e-02,-5.530471929117803942e-01,0.000000000000000000e+00,0.000000000000000000e+00
2.275000000000000078e-01,-4.074688023518925444e-03,-4.338238351335843568e-02,1.494410554220886866e-01,1.175023751000446204e+00,2.313685119378134508e-02,-5.756746663472873671e-01,0.000000000000000000e+00,0.000000000000000000e+00
2.300000000000000100e-01,-4.184196639582990138e-03,-4.422668540140954618e-02,1.524154752302848970e-01,1.204624859681209026e+00,2.166865077202558693e-02,-5.990036145240120735e-01,0.000000000000000000e+00,0.000000000000000000e+00
2.325000000000000122e-01,-4.295832367981774688e-03,-4.508408788379052873e-02,1.554647483989210488e-01,1.234908388920118005e+00,2.014123844340365288e-02,-6.230461792751759154e-01,0.000000000000000000e+00,0.000000000000000000e+00
2.350000000000000144e-01,-4.409628062602909473e-03,-4.595467027269496685e-02,1.585905954771151261e-01,1.265885885200384697e+00,1.855281545883741973e-02,-6.478140444906007600e-01,0.000000000000000000e+00,0.000000000000000000e+00
2.375000000000000167e-01,-4.525616755452007908e-03,-4.683849550932799033e-02,1.617947654708111471e-01,1.297568558652779869e+00,1.690155450670285248e-02,-6.733183638661851544e-01,0.000000000000000000e+00,0.000000000000000000e+00
2.399999999999999911e-01,-4.643831613888827967e-03,-4.773560868324660394e-02,1.650790349341011432e-01,1.329967228236070831e+00,1.518560113374753905e-02,-6.995696837315387162e-01,0.000000000000000000e+00,0.000000000000000000e+00
2.424999999999999933e-01,-4.764305894075841936e-03,-4.864603548330657251e-02,1.684452069191264556e-01,1.363092263418777428e+00,1.340307536515518601e-02,-7.265778608985873355e-01,0.000000000000000000e+00,0.000000000000000000e+00
2.449999999999999956e-01,-4.887072890471346950e-03,-4.956978058287588029e-02,1.718951097758167623e-01,1.396953522372318179e+00,1.155207353623284583e-02,-7.543519755162266804e-01,0.000000000000000000e+00,0.000000000000000000e+00
2.474999999999999978e-01,-5.012165881207187798e-03,-5.050682596302376315e-02,1.754305957927976001e-01,1.431560286724509634e+00,9.630670348173567263e-03,-7.829002389656634087e-01,0.000000000000000000e+00,0.000000000000000000e+00
2.500000000000000000e-01,-5.139618069201871108e-03,-5.145712917856468116e-02,1.790535396709747873e-01,1.466921192967175491e+00,7.636921160190577457e-03,-8.122298968884331671e-01,0.000000000000000000e+00,0.000000000000000000e+00
2.525000000000000022e-01,-5.269462518873652308e-03,-5.242062157313073095e-02,1.827658368216004692e-01,1.503044160662621920e+00,5.568864530008887231e-03,-8.423471275046372497e-01,0.000000000000000000e+00,0.000000000000000000e+00
2.550000000000000044e-01,-5.401732088335329737e-03,-5.339720645086201700e-02,1.865694014810580503e-01,1.539936317651147135e+00,3.424525014215623348e-03,-8.732569354529989836e-01,0.000000000000000000e+00,0.000000000000000000e+00
2.575000000000000067e-01,-5.536459356973380194e-03,-5.438675721383862127e-02,1.904661646351872850e-01,1.577603922525687041e+00,1.201916239289751998e-03,-9.049630414670796208e-01,0.000000000000000000e+00,0.000000000000000000e+00
2.600000000000000089e-01,-5.673676548338883741e-03,-5.538911547602188429e-02,1.944580717467226105e-01,1.616052284710109976e+00,-1.100955746766453611e-03,-9.374677682934018375e-01,0.000000000000000000e+00,0.000000000000000000e+00
2.625000000000000111e-01,-5.813415448306786387e-03,-5.640408916621411639e-02,1.985470802803538659e-01,1.655285682554371363e+00,-3.486088833409309914e-03,-9.707719233570777373e-01,0.000000000000000000e+00,0.000000000000000000e+00
2.650000000000000133e-01,-5.955707318493563308e-03,-5.743145063436743553e-02,2.027351570210532694e-01,1.695307279942302348e+00,-5.955480909761256755e-03,-1.004874678788342246e+00,0.000000000000000000e+00,0.000000000000000000e+00
2.675000000000000155e-01,-6.100582804961529083e-03,-5.847093477745088363e-02,2.070242751826611716e-01,1.736119041995607626e+00,-8.511125624332122053e-03,-1.039773449538353045e+00,0.000000000000000000e+00,0.000000000000000000e+00
2.700000000000000178e-01,-6.248071842280935109e-03,-5.952223720299116422e-02,2.114164113052960370e-01,1.777721650549769272e+00,-1.115500783851321696e-02,-1.075463770433595867e+00,0.000000000000000000e+00,0.000000000000000000e+00
2.725000000000000200e-01,-6.398203553068660190e-03,-6.058501245030024907e-02,2.159135419419619950e-01,1.820114420172783909e+00,-1.388909877238280258e-02,-1.111939173143683623e+00,0.000000000000000000e+00,0.000000000000000000e+00
2.750000000000000222e-01,-6.551006143174664675e-03,-6.165887229125029123e-02,2.205176401367756056e-01,1.863295215594479304e+00,-1.671535084395807391e-02,-1.149191064165306697e+00,0.000000000000000000e+00,0.000000000000000000e+00
2.775000000000000244e-01,-6.706506792744234939e-03,-6.274338413420273153e-02,2.252306716995235436e-01,1.907260371510668406e+00,-1.963569220594608977e-02,-1.187208605053154509e+00,0.000000000000000000e+00,0.000000000000000000e+00
2.800000000000000266e-01,-6.864731543445086459e-03,-6.383806955628784641e-02,2.300545912837921869e-01,1.952004615820387423e+00,-2.265202098728059943e-02,-1.225978596253901598e+00,0.000000000000000000e+00,0.000000000000000000e+00
2.825000000000000289e-01,-7.025705182213153564e-03,-6.494240299060083377e-02,2.349913382786676663e-01,1.997520997443333224e+00,-2.576619925027253538e-02,-1.265485366018477720e+00,0.000000000000000000e+00,0.000000000000000000e+00
2.850000000000000311e-01,-7.189451121938722489e-03,-6.605581059596228599e-02,2.400428325269761687e-01,2.043800819945455594e+00,-2.898004667802896173e-02,-1.305710665977023677e+00,0.000000000000000000e+00,0.000000000000000000e+00
2.875000000000000333e-01,-7.355991279584681887e-03,-6.717766933761291914e-02,2.452109698861938691e-01,2.090833582270247959e+00,-3.229533401087846672e-02,-1.346633575055952381e+00,0.000000000000000000e+00,0.000000000000000000e+00
2.899999999999999800e-01,-7.525345952300028889e-03,-6.830730630750037058e-02,2.504976176514712716e-01,2.138606927928170975e+00,-3.571377625483931895e-02,-1.388230413492872684e+00,0.000000000000000000e+00,0.000000000000000000e+00
2.924999999999999822e-01,-7.697533692163269735e-03,-6.944399831259526201e-02,2.559046098636483801e-01,2.187106604033205670e+00,-3.923702568962763454e-02,-1.430474668758003665e+00,0.000000000000000000e+00,0.000000000000000000e+00
2.949999999999999845e-01,-7.872571180260560034e-03,-7.058697175887315711e-02,2.614337425286325511e-01,2.236316431590118725e+00,-4.286666470826140662e-02,-1.473336935215268761e+00,0.000000000000000000e+00,0.000000000000000000e+00
2.974999999999999867e-01,-8.050473100870866178e-03,-7.173540285715351850e-02,2.670867687780113520e-01,2.286218288425012624e+00,-4.660419852489597337e-02,-1.516784869347713061e+00,0.000000000000000000e+00,0.000000000000000000e+00
2.999999999999999889e-01,-8.231252016593365237e-03,-7.288841817483991681e-02,2.728653940042113923e-01,2.336792106111781120e+00,-5.045104779203868350e-02,-1.560783162325731777e+00,0.000000000000000000e+00,0.000000000000000000e+00
3.024999999999999911e-01,-8.414918245308955838e-03,-7.404509555471514015e-02,2.787712710068122046e-01,2.388015882175209104e+00,-5.440854117263602824e-02,-1.605293531608795288e+00,0.000000000000000000e+00,0.000000000000000000e+00
3.049999999999999933e-01,-8.601479739916250214e-03,-7.520446541828629261e-02,2.848059951897004560e-01,2.439865708745262651e+00,-5.847790791659691900e-02,-1.650274733138633820e+00,0.000000000000000000e+00,0.000000000000000000e+00
3.074999999999999956e-01,-8.790941971820722886e-03,-7.636551246674330717e-02,2.909710998515169789e-01,2.492315818695005625e+00,-6.266027049499585388e-02,-1.695682595501904366e+00,0.000000000000000000e+00,0.000000000000000000e+00
3.099999999999999978e-01,-8.983307819182079212e-03,-7.752717778741137489e-02,2.972680516142134910e-01,2.545338650115886114e+00,-6.695663734836948544e-02,-1.741470077212134093e+00,0.000000000000000000e+00,0.000000000000000000e+00
3.125000000000000000e-01,-9.178577460937364929e-03,-7.868836136769159773e-02,3.036982460364096581e-01,2.598904929769359384e+00,-7.136789580805924516e-02,-1.787587347984644248e+00,0.000000000000000000e+00,0.000000000000000000e+00
3.150000000000000022e-01,-9.376748277614288182e-03,-7.984792501197253423e-02,3.102630034595340591e-01,2.652983775904729224e+00,-7.589480525134402467e-02,-1.833981894556276471e+00,0.000000000000000000e+00,0.000000000000000000e+00
3.175000000000000044e-01,-9.577814759929276223e-03,-8.100469564996695682e-02,3.169635651353628902e-01,2.707542820552828911e+00,-8.053799055203955670e-02,-1.880598651237964658e+00,0.000000000000000000e+00,0.000000000000000000e+00
3.200000000000000067e-01,-9.781768426126703081e-03,-8.215746901752164766e-02,3.238010896834658814e-01,2.762548351098372379e+00,-8.529793588821849015e-02,-1.927380154988301619e+00,0.000000000000000000e+00,0.000000000000000000e+00
3.225000000000000089e-01,-9.988597748958855105e-03,-8.330501368332922374e-02,3.307766499261701187e-01,2.817965470606468958e+00,-9.017497896764500864e-02,-1.974266724367916837e+00,0.000000000000000000e+00,0.000000000000000000e+00
3.250000000000000111e-01,-1.019828809313020300e-02,-8.444607538733112095e-02,3.378912301469181312e-01,2.873758276038310466e+00,-9.516930572936097010e-02,-2.021196661287143481e+00,0.000000000000000000e+00,0.000000000000000000e+00
3.275000000000000133e-01,-1.041082166393465444e-02,-8.557938164914874468e-02,3.451457238153016749e-01,2.929890053145953299e+00,-1.002809455765731744e-01,-2.068106474004147266e+00,0.000000000000000000e+00,0.000000000000000000e+00
3.300000000000000155e-01,-1.062617746770137123e-02,-8.670364659783658112e-02,3.525409318186012442e-01,2.986323486495876978e+00,-1.055097671915681962e-01,-2.114931119379682922e+00,0.000000000000000000e+00,0.000000000000000000e+00
3.325000000000000178e-01,-1.084433128453482498e-02,-8.781757596784123265e-02,3.600775612353740995e-01,3.043020882745723021e+00,-1.108554749778496579e-01,-2.161604261961084017e+00,0.000000000000000000e+00,0.000000000000000000e+00
3.350000000000000200e-01,-1.106525565368982229e-02,-8.891987220049232810e-02,3.677562246815632707e-01,3.099944404998582037e+00,-1.163176061681132911e-01,-2.208058547065456789e+00,0.000000000000000000e+00,0.000000000000000000e+00
3.375000000000000222e-01,-1.128891987176465495e-02,-9.000923958584708395e-02,3.755774402538218371e-01,3.157056315794494861e+00,-1.218955286291412421e-01,-2.254225884673618285e+00,0.000000000000000000e+00,0.000000000000000000e+00
3.400000000000000244e-01,-1.151529000372825129e-02,-9.108438937643735522e-02,3.835416320883608954e-01,3.214319226078936609e+00,-1.275884393863360722e-01,-2.300037740644602646e+00,0.000000000000000000e+00,0.000000000000000000e+00
3.425000000000000266e-01,-1.174432890662339274e-02,-9.214404480256722929e-02,3.916491315467582335e-01,3.271696347321233045e+00,-1.333953638815815745e-01,-2.345425431526622528e+00,0.000000000000000000e+00,0.000000000000000000e+00
3.450000000000000289e-01,-1.197599626561131683e-02,-9.318694591838010133e-02,3.999001790329513306e-01,3.329151743848937084e+00,-1.393151559685945062e-01,-2.390320419083392434e+00,0.000000000000000000e+00,0.000000000000000000e+00
3.475000000000000311e-01,-1.221024864184713267e-02,-9.421185420900489438e-02,4.082949264382353949e-01,3.386650582422024325e+00,-1.453464986401185322e-01,-2.434654600581384276e+00,0.000000000000000000e+00,0.000000000000000000e+00
3.500000000000000333e-01,-1.244703953150420872e-02,-9.521755689169961179e-02,4.168334402036658060e-01,3.444159376096057823e+00,-1.514879054714257101e-01,-2.478360590897794591e+00,0.000000000000000000e+00,0.000000000000000000e+00
3.524999999999999800e-01,-1.268631943510274522e-02,-9.620287084797696231e-02,4.255157049819883186e-01,3.501646219516526770e+00,-1.577377227548491800e-01,-2.521371992611587398e+00,0.000000000000000000e+00,0.000000000000000000e+00
3.549999999999999822e-01,-1.292803593614674437e-02,-9.716664612911118937e-02,4.343416278742617820e-01,3.559081012945313205e+00,-1.640941322906961375e-01,-2.563623650428581424e+00,0.000000000000000000e+00,0.000000000000000000e+00
3.574999999999999845e-01,-1.317213378793758403e-02,-9.810776898402769064e-02,4.433110432098528175e-01,3.616435672540190271e+00,-1.705551547910868770e-01,-2.605051886560773688e+00,0.000000000000000000e+00,0.000000000000000000e+00
3.599999999999999867e-01,-1.341855500731423297e-02,-9.902516436616505546e-02,4.524237178326170894e-01,3.673684324682794600e+00,-1.771186538452301784e-01,-2.645594714021634708e+00,0.000000000000000000e+00,0.000000000000000000e+00
3.624999999999999889e-01,-1.366723897397188921e-02,-9.991779788423846287e-02,4.616793568509627299e-01,3.730803482471129584e+00,-1.837823403875410988e-01,-2.685192025202177923e+00,0.000000000000000000e+00,0.000000000000000000e+00
3.649999999999999911e-01,-1.391812253393413974e-02,-1.007846771706663591e-01,4.710776098052204541e-01,3.787772202849351899e+00,-1.905437776039759223e-01,-2.723785753544476496e+00,0.000000000000000000e+00,0.000000000000000000e+00
3.674999999999999933e-01,-1.417114010569941324e-02,-1.016248526504801436e-01,4.806180772024006287e-01,3.844572223229365981e+00,-1.974003862071027071e-01,-2.761320006615782141e+00,0.000000000000000000e+00,0.000000000000000000e+00
3.699999999999999956e-01,-1.442622378755089273e-02,-1.024374177025509092e-01,4.903003173660461234e-01,3.901188076854064768e+00,-2.043494500068142872e-01,-2.797741169392599758e+00,0.000000000000000000e+00,0.000000000000000000e+00
3.724999999999999978e-01,-1.468330346450957835e-02,-1.032215082136818118e-01,5.001238535475118763e-01,3.957607186549357614e+00,-2.113881217012529845e-01,-2.832997977075009555e+00,0.000000000000000000e+00,0.000000000000000000e+00
3.750000000000000000e-01,-1.494230691342195508e-02,-1.039763015342938246e-01,5.100881812446077523e-01,4.013819936900327789e+00,-2.185134288114471968e-01,-2.867041557252710593e+00,0.000000000000000000e+00,0.000000000000000000e+00
3.775000000000000022e-01,-1.520315990470498882e-02,-1.047010148518716793e-01,5.201927756740969411e-01,4.069819725255801934e+00,-2.257222796833171230e-01,-2.899825441722406083e+00,0.000000000000000000e+00,0.000000000000000000e+00
3.800000000000000044e-01,-1.546578629931997378e-02,-1.053949030048675767e-01,5.304370993459834871e-01,4.125602992306337313e+00,-2.330114694820187293e-01,-2.931305548699460140e+00,0.000000000000000000e+00,0.000000000000000000e+00
3.825000000000000067e-01,-1.573010813961057963e-02,-1.060572557652544601e-01,5.408206096897771875e-01,4.181169233285776166e+00,-2.403776861059609971e-01,-2.961440136565501202e+00,0.000000000000000000e+00,0.000000000000000000e+00
3.850000000000000089e-01,-1.599604573271664471e-02,-1.066873946222940128e-01,5.513427666858853327e-01,4.236520991110440448e+00,-2.478175159511300241e-01,-2.990189730640233634e+00,0.000000000000000000e+00,0.000000000000000000e+00
3.875000000000000111e-01,-1.626351772536090839e-02,-1.072846691032936367e-01,5.620030404588526318e-01,4.291663832988807492e+00,-2.553274494604485523e-01,-3.017517024754940547e+00,0.000000000000000000e+00,0.000000000000000000e+00
3.900000000000000133e-01,-1.653244116889814389e-02,-1.078484526691699946e-01,5.728009187932234791e-01,4.346606312206140466e+00,-2.629038863976417284e-01,-3.043386759634094663e+00,0.000000000000000000e+00,0.000000000000000000e+00
3.925000000000000155e-01,-1.680273157361202377e-02,-1.083781382235475405e-01,5.837359145372302827e-01,4.401359916912563897e+00,-2.705431407903186591e-01,-3.067765580259488978e+00,0.000000000000000000e+00,0.000000000000000000e+00
3.950000000000000178e-01,-1.707430295134191450e-02,-1.088731332739645424e-01,5.948075728641858406e-01,4.455939007820709286e+00,-2.782414454925631886e-01,-3.090621874499690058e+00,0.000000000000000000e+00,0.000000000000000000e+00
3.975000000000000200e-01,-1.734706784561701465e-02,-1.093328547826270952e-01,6.060154783662780043e-01,4.510360746752724914e+00,-2.859949563231100056e-01,-3.111925595339493977e+00,0.000000000000000000e+00,0.000000000000000000e+00
4.000000000000000222e-01,-1.762093734856647401e-02,-1.097567237421529784e-01,6.173592619603093246e-01,4.564645017969735541e+00,-2.937997557410297333e-01,-3.131648069044012495e+00,0.000000000000000000e+00,0.000000000000000000e+00
4.025000000000000244e-01,-1.789582110395951386e-02,-1.101441595090050796e-01,6.288386075897148819e-01,4.618814344174047015e+00,-3.016518560266340243e-01,-3.149761791545641731e+00,0.000000000000000000e+00,0.000000000000000000e+00
4.050000000000000266e-01,-1.817162729580719394e-02,-1.104945739239575758e-01,6.404532587118282327e-01,4.672893799000512161e+00,-3.095472019409313269e-01,-3.166240215255914592e+00,0.000000000000000000e+00,0.000000000000000000e+00
4.075000000000000289e-01,-1.844826262202612505e-02,-1.108073652450975582e-01,6.522030245637866486e-01,4.726910917713587068e+00,-3.174816728423278112e-01,-3.181057528384965138e+00,0.000000000000000000e+00,0.000000000000000000e+00
4.100000000000000311e-01,-1.872563225272300472e-02,-1.110819119146685546e-01,6.640877862046130620e-01,4.780895607706090011e+00,-3.254510842442959184e-01,-3.194188428706032479e+00,0.000000000000000000e+00,0.000000000000000000e+00
4.125000000000000333e-01,-1.900363977270661670e-02,-1.113175661766296759e-01,6.761075023348321889e-01,4.834880060259550305e+00,-3.334511888023753978e-01,-3.205607893538019670e+00,0.000000000000000000e+00,0.000000000000000000e+00
4.150000000000000355e-01,-1.928218710787043058e-02,-1.115136475572463953e-01,6.882622148984484101e-01,4.888898664879224754e+00,-3.414776767230851551e-01,-3.215290947542162936e+00,0.000000000000000000e+00,0.000000000000000000e+00
4.174999999999999822e-01,-1.956117443511398712e-02,-1.116694362164433463e-01,7.005520544752040779e-01,4.942987927363723166e+00,-3.495261755910849533e-01,-3.223212429745454966e+00,0.000000000000000000e+00,0.000000000000000000e+00
4.199999999999999845e-01,-1.984050007548493130e-02,-1.117841661731227426e-01,7.129772454737421938e-01,4.997186392613655492e+00,-3.575922496142276419e-01,-3.229346761019106005e+00,0.000000000000000000e+00,0.000000000000000000e+00
4.224999999999999867e-01,-2.012006037022598740e-02,-1.118570184032548348e-01,7.255381111386158821e-01,5.051534573029147879e+00,-3.656713982889861492e-01,-3.233667713059823257e+00,0.000000000000000000e+00,0.000000000000000000e+00
4.249999999999999889e-01,-2.039974953940293725e-02,-1.118871138053393610e-01,7.382350783860215371e-01,5.106074883195202752e+00,-3.737590544911411627e-01,-3.236148179749191112e+00,0.000000000000000000e+00,0.000000000000000000e+00
4.274999999999999911e-01,-2.067945952277108757e-02,-1.118735060238649770e-01,7.510686824846960485e-01,5.160851581408900657e+00,-3.818505819985997252e-01,-3.236759951605332031e+00,0.000000000000000000e+00,0.000000000000000000e+00
4.299999999999999933e-01,-2.095907980250963365e-02,-1.118151741176943575e-01,7.640395715996327608e-01,5.215910718464973783e+00,-3.899412724548132481e-01,-3.235473493894095220e+00,0.000000000000000000e+00,0.000000000000000000e+00
4.324999999999999956e-01,-2.123849720741631530e-02,-1.117110150569016053e-01,7.771485112171461207e-01,5.271300093987373536e+00,-3.980263417825153915e-01,-3.232257728836370969e+00,0.000000000000000000e+00,0.000000000000000000e+00
4.349999999999999978e-01,-2.151759569810966083e-02,-1.115598360285062624e-01,7.903963884703850695e-01,5.327069220474776046e+00,-4.061009260584459990e-01,-3.227079822235343176e+00,0.000000000000000000e+00,0.000000000000000000e+00
4.375000000000000000e-01,-2.179625613273371634e-02,-1.113603465287970745e-01,8.037842163846731225e-01,5.383269295117642628e+00,-4.141600768604160043e-01,-3.219904974753651672e+00,0.000000000000000000e+00,0.000000000000000000e+00
4.400000000000000022e-01,-2.207435601260129832e-02,-1.111111502175301108e-01,8.173131380620700659e-01,5.439953179343371303e+00,-4.221987560985463461e-01,-3.210696217996237056e+00,0.000000000000000000e+00,0.000000000000000000e+00
4.425000000000000044e-01,-2.235176920714738655e-02,-1.108107365072268369e-01,8.309844308243246047e-01,5.497175385953719129e+00,-4.302118303428311696e-01,-3.199414215500436587e+00,0.000000000000000000e+00,0.000000000000000000e+00
4.450000000000000067e-01,-2.262836565749513223e-02,-1.104574718590984050e-01,8.447995103329398736e-01,5.554992073634360317e+00,-4.381940646593827648e-01,-3.186017068700797150e+00,0.000000000000000000e+00,0.000000000000000000e+00
4.475000000000000089e-01,-2.290401105786402103e-02,-1.100495907557915987e-01,8.587599347044253539e-01,5.613461048539240217e+00,-4.461401159678625716e-01,-3.170460127922006155e+00,0.000000000000000000e+00,0.000000000000000000e+00
4.500000000000000111e-01,-2.317856651397396869e-02,-1.095851863202054743e-01,8.728674086379769603e-01,5.672641772581264341e+00,-4.540445259327395289e-01,-3.152695808459109017e+00,0.000000000000000000e+00,0.000000000000000000e+00
4.525000000000000133e-01,-2.345188817752147381e-02,-1.090622005490836099e-01,8.871237875718205323e-01,5.732595377994675445e+00,-4.619017134011919601e-01,-3.132673411829534071e+00,0.000000000000000000e+00,0.000000000000000000e+00
4.550000000000000155e-01,-2.372382685572548347e-02,-1.084784141299723059e-01,9.015310818832892314e-01,5.793384687672020306e+00,-4.697059664007329771e-01,-3.110338952326081596e+00,0.000000000000000000e+00,0.000000000000000000e+00
4.575000000000000178e-01,-2.399422759486244394e-02,-1.078314358104843912e-01,9.160914611463873980e-01,5.855074240718676215e+00,-4.774514337100372874e-01,-3.085634989063680056e+00,0.000000000000000000e+00,0.000000000000000000e+00
4.600000000000000200e-01,-2.426292923663329187e-02,-1.071186912896647248e-01,9.308072584591278176e-01,5.917730322609256355e+00,-4.851321160170292690e-01,-3.058500463795132962e+00,0.000000000000000000e+00,0.000000000000000000e+00
4.625000000000000222e-01,-2.452976394613131869e-02,-1.063374116026726546e-01,9.456809748513159697e-01,5.981420999271727545e+00,-4.927418566791014198e-01,-3.028870544872048765e+00,0.000000000000000000e+00,0.000000000000000000e+00
4.650000000000000244e-01,-2.479455671011027845e-02,-1.054846209720448347e-01,9.607152837816962387e-01,6.046216154365533058e+00,-5.002743321014191391e-01,-2.996676477846514697e+00,0.000000000000000000e+00,0.000000000000000000e+00
4.675000000000000266e-01,-2.505712480418854221e-02,-1.045571241015586378e-01,9.759130357314643733e-01,6.112187528958446414e+00,-5.077230417506749527e-01,-2.961845443346724061e+00,0.000000000000000000e+00,0.000000000000000000e+00
4.700000000000000289e-01,-2.531727722756949017e-02,-1.035514928922759981e-01,9.912772628990815793e-01,6.179408762742307992e+00,-5.150812978234280415e-01,-2.924300423015584460e+00,0.000000000000000000e+00,0.000000000000000000e+00
4.725000000000000311e-01,-2.557481410381255010e-02,-1.024640525648184697e-01,1.006811183999092085e+00,6.247955435859361195e+00,-5.223422145903535707e-01,-2.883960074475214075e+00,0.000000000000000000e+00,0.000000000000000000e+00
4.750000000000000333e-01,-2.582952604615621969e-02,-1.012908671774309655e-01,1.022518209165234726e+00,6.317905110337916241e+00,-5.294986974403664837e-01,-2.840738616472010758e+00,0.000000000000000000e+00,0.000000000000000000e+00
4.775000000000000355e-01,-2.608119348587625147e-02,-1.000277245360749329e-01,1.038401944955540168e+00,6.389337370057980969e+00,-5.365434316517316837e-01,-2.794545725566420113e+00,0.000000000000000000e+00,0.000000000000000000e+00
4.799999999999999822e-01,-2.632958596216262298e-02,-9.867012050080871399e-02,1.054466199454300979e+00,6.462333858083887606e+00,-5.434688709209622992e-01,-2.745286445958192267e+00,0.000000000000000000e+00,0.000000000000000000e+00
